
  .   ____          _            __ _ _
 /\\ / ___'_ __ _ _(_)_ __  __ _ \ \ \ \
( ( )\___ | '_ | '_| | '_ \/ _` | \ \ \ \
 \\/  ___)| |_)| | | | | || (_| |  ) ) ) )
  '  |____| .__|_| |_|_| |_\__, | / / / /
 =========|_|==============|___/=/_/_/_/

 :: Spring Boot ::                (v4.0.6)

2026-09-08T12:44:45.117+08:00  INFO 65560 --- [           main] com.expiry.ExpiryFoodApplication         : Starting ExpiryFoodApplication v1.0.0 using Java 17.0.12 with PID 65560 (D:\tool\IDEA\linqi\GoodsManage\backend\target\expiry-food-backend-1.0.0.jar started by 联想 in D:\tool\IDEA\linqi\GoodsManage\backend)
2026-09-08T12:44:45.122+08:00  INFO 65560 --- [           main] com.expiry.ExpiryFoodApplication         : No active profile set, falling back to 1 default profile: "default"
2026-09-08T12:44:46.228+08:00  INFO 65560 --- [           main] o.s.boot.tomcat.TomcatWebServer          : Tomcat initialized with port 8080 (http)
2026-09-08T12:44:46.242+08:00  INFO 65560 --- [           main] o.apache.catalina.core.StandardService   : Starting service [Tomcat]
2026-09-08T12:44:46.242+08:00  INFO 65560 --- [           main] o.apache.catalina.core.StandardEngine    : Starting Servlet engine: [Apache Tomcat/11.0.21]
2026-09-08T12:44:46.276+08:00  INFO 65560 --- [           main] b.w.c.s.WebApplicationContextInitializer : Root WebApplicationContext: initialization completed in 1103 ms
Logging initialized using 'class org.apache.ibatis.logging.stdout.StdOutImpl' adapter.
Get /192.168.206.1 network interface 
Get network interface info: name:eth5 (VMware Virtual Ethernet Adapter for VMnet1)
Initialization Sequence datacenterId:4 workerId:28
 _ _   |_  _ _|_. ___ _ |    _ 
| | |\/|_)(_| | |_\  |_)||_|_\ 
     /               |         
                        3.5.16 
2026-09-08T12:44:47.942+08:00  INFO 65560 --- [           main] m.e.s.MybatisPlusApplicationContextAware : Register ApplicationContext instances org.springframework.boot.web.server.servlet.context.AnnotationConfigServletWebServerApplicationContext@5c10f1c3
2026-09-08T12:44:48.090+08:00  INFO 65560 --- [           main] o.s.boot.tomcat.TomcatWebServer          : Tomcat started on port 8080 (http) with context path '/'
2026-09-08T12:44:48.104+08:00  INFO 65560 --- [           main] com.expiry.ExpiryFoodApplication         : Started ExpiryFoodApplication in 3.575 seconds (process running for 4.006)
2026-09-08T12:45:21.036+08:00  INFO 65560 --- [nio-8080-exec-1] o.a.c.c.C.[Tomcat].[localhost].[/]       : Initializing Spring DispatcherServlet 'dispatcherServlet'
2026-09-08T12:45:21.037+08:00  INFO 65560 --- [nio-8080-exec-1] o.s.web.servlet.DispatcherServlet        : Initializing Servlet 'dispatcherServlet'
2026-09-08T12:45:21.038+08:00  INFO 65560 --- [nio-8080-exec-1] o.s.web.servlet.DispatcherServlet        : Completed initialization in 1 ms
Creating a new SqlSession
SqlSession [org.apache.ibatis.session.defaults.DefaultSqlSession@caf7e04] was not registered for synchronization because synchronization is not active
2026-09-08T12:45:32.635+08:00  INFO 65560 --- [nio-8080-exec-2] com.zaxxer.hikari.HikariDataSource       : HikariPool-1 - Starting...
2026-09-08T12:45:32.807+08:00  INFO 65560 --- [nio-8080-exec-2] com.zaxxer.hikari.pool.HikariPool        : HikariPool-1 - Added connection com.mysql.cj.jdbc.ConnectionImpl@7f028b35
2026-09-08T12:45:32.809+08:00  INFO 65560 --- [nio-8080-exec-2] com.zaxxer.hikari.HikariDataSource       : HikariPool-1 - Start completed.
JDBC Connection [HikariProxyConnection@1451716633 wrapping com.mysql.cj.jdbc.ConnectionImpl@7f028b35] will not be managed by Spring
==>  Preparing: SELECT id,title,image_url,link_url,sort,status,create_time,update_time FROM banner WHERE (status = ?) ORDER BY sort ASC
==> Parameters: 1(Integer)
<==    Columns: id, title, image_url, link_url, sort, status, create_time, update_time
<==        Row: 4, 1232, /uploads/2026/05/15/96efcb0efdac491b985dcfb4210474ac.jpg, , 0, 1, 2026-05-15 15:32:24, 2026-05-15 15:32:24
<==        Row: 1, 临期特惠 低至1折, https://picsum.photos/1440/460?random=1, /products?expiryStatus=1, 1, 1, 2026-04-24 16:25:18, 2026-04-24 16:25:18
<==        Row: 2, 新品上架 品质严选, https://picsum.photos/1440/460?random=2, /products, 2, 1, 2026-04-24 16:25:18, 2026-04-24 16:25:18
<==        Row: 3, 热销排行 人气好货, https://picsum.photos/1440/460?random=3, /products?sortField=sales&sortOrder=desc, 3, 1, 2026-04-24 16:25:18, 2026-04-24 16:25:18
<==      Total: 4
Closing non transactional SqlSession [org.apache.ibatis.session.defaults.DefaultSqlSession@caf7e04]
Creating a new SqlSession
SqlSession [org.apache.ibatis.session.defaults.DefaultSqlSession@4bbc75a7] was not registered for synchronization because synchronization is not active
JDBC Connection [HikariProxyConnection@2076278805 wrapping com.mysql.cj.jdbc.ConnectionImpl@7f028b35] will not be managed by Spring
==>  Preparing: SELECT id,title,image_url,link_url,sort,status,create_time,update_time FROM banner WHERE (status = ?) ORDER BY sort ASC
==> Parameters: 1(Integer)
<==    Columns: id, title, image_url, link_url, sort, status, create_time, update_time
<==        Row: 4, 1232, /uploads/2026/05/15/96efcb0efdac491b985dcfb4210474ac.jpg, , 0, 1, 2026-05-15 15:32:24, 2026-05-15 15:32:24
<==        Row: 1, 临期特惠 低至1折, https://picsum.photos/1440/460?random=1, /products?expiryStatus=1, 1, 1, 2026-04-24 16:25:18, 2026-04-24 16:25:18
<==        Row: 2, 新品上架 品质严选, https://picsum.photos/1440/460?random=2, /products, 2, 1, 2026-04-24 16:25:18, 2026-04-24 16:25:18
<==        Row: 3, 热销排行 人气好货, https://picsum.photos/1440/460?random=3, /products?sortField=sales&sortOrder=desc, 3, 1, 2026-04-24 16:25:18, 2026-04-24 16:25:18
<==      Total: 4
Closing non transactional SqlSession [org.apache.ibatis.session.defaults.DefaultSqlSession@4bbc75a7]
Creating a new SqlSession
SqlSession [org.apache.ibatis.session.defaults.DefaultSqlSession@72d8c86e] was not registered for synchronization because synchronization is not active
JDBC Connection [HikariProxyConnection@2082420805 wrapping com.mysql.cj.jdbc.ConnectionImpl@7f028b35] will not be managed by Spring
==>  Preparing: SELECT id,title,image_url,link_url,sort,status,create_time,update_time FROM banner WHERE (status = ?) ORDER BY sort ASC
==> Parameters: 1(Integer)
<==    Columns: id, title, image_url, link_url, sort, status, create_time, update_time
<==        Row: 4, 1232, /uploads/2026/05/15/96efcb0efdac491b985dcfb4210474ac.jpg, , 0, 1, 2026-05-15 15:32:24, 2026-05-15 15:32:24
<==        Row: 1, 临期特惠 低至1折, https://picsum.photos/1440/460?random=1, /products?expiryStatus=1, 1, 1, 2026-04-24 16:25:18, 2026-04-24 16:25:18
<==        Row: 2, 新品上架 品质严选, https://picsum.photos/1440/460?random=2, /products, 2, 1, 2026-04-24 16:25:18, 2026-04-24 16:25:18
<==        Row: 3, 热销排行 人气好货, https://picsum.photos/1440/460?random=3, /products?sortField=sales&sortOrder=desc, 3, 1, 2026-04-24 16:25:18, 2026-04-24 16:25:18
<==      Total: 4
Closing non transactional SqlSession [org.apache.ibatis.session.defaults.DefaultSqlSession@72d8c86e]
Creating a new SqlSession
SqlSession [org.apache.ibatis.session.defaults.DefaultSqlSession@41393980] was not registered for synchronization because synchronization is not active
JDBC Connection [HikariProxyConnection@2032895567 wrapping com.mysql.cj.jdbc.ConnectionImpl@7f028b35] will not be managed by Spring
==>  Preparing: SELECT id,title,image_url,link_url,sort,status,create_time,update_time FROM banner WHERE (status = ?) ORDER BY sort ASC
==> Parameters: 1(Integer)
<==    Columns: id, title, image_url, link_url, sort, status, create_time, update_time
<==        Row: 4, 1232, /uploads/2026/05/15/96efcb0efdac491b985dcfb4210474ac.jpg, , 0, 1, 2026-05-15 15:32:24, 2026-05-15 15:32:24
<==        Row: 1, 临期特惠 低至1折, https://picsum.photos/1440/460?random=1, /products?expiryStatus=1, 1, 1, 2026-04-24 16:25:18, 2026-04-24 16:25:18
<==        Row: 2, 新品上架 品质严选, https://picsum.photos/1440/460?random=2, /products, 2, 1, 2026-04-24 16:25:18, 2026-04-24 16:25:18
<==        Row: 3, 热销排行 人气好货, https://picsum.photos/1440/460?random=3, /products?sortField=sales&sortOrder=desc, 3, 1, 2026-04-24 16:25:18, 2026-04-24 16:25:18
<==      Total: 4
Closing non transactional SqlSession [org.apache.ibatis.session.defaults.DefaultSqlSession@41393980]
Creating a new SqlSession
SqlSession [org.apache.ibatis.session.defaults.DefaultSqlSession@5f0fae97] was not registered for synchronization because synchronization is not active
JDBC Connection [HikariProxyConnection@1703300844 wrapping com.mysql.cj.jdbc.ConnectionImpl@7f028b35] will not be managed by Spring
==>  Preparing: SELECT id,name,icon,sort,parent_id,status,create_time,update_time FROM category WHERE (status = ?) ORDER BY sort ASC,create_time DESC
==> Parameters: 1(Integer)
<==    Columns: id, name, icon, sort, parent_id, status, create_time, update_time
<==        Row: 1, 休闲零食, null, 1, 0, 1, 2026-04-24 15:43:42, 2026-04-24 15:43:42
<==        Row: 2, 饮料冲调, null, 2, 0, 1, 2026-04-24 15:43:42, 2026-04-24 15:43:42
<==        Row: 3, 粮油调味, null, 3, 0, 1, 2026-04-24 15:43:42, 2026-04-24 15:43:42
<==        Row: 4, 方便速食, null, 4, 0, 1, 2026-04-24 15:43:42, 2026-04-24 15:43:42
<==        Row: 5, 乳制品, null, 5, 0, 1, 2026-04-24 15:43:42, 2026-04-24 15:43:42
<==        Row: 6, 饼干糕点, null, 6, 0, 1, 2026-04-24 15:43:42, 2026-04-24 15:43:42
<==        Row: 7, 糖果巧克力, null, 7, 0, 1, 2026-04-24 15:43:42, 2026-04-24 15:43:42
<==        Row: 8, 进口食品, null, 8, 0, 1, 2026-04-24 15:43:42, 2026-04-24 15:43:42
<==      Total: 8
Closing non transactional SqlSession [org.apache.ibatis.session.defaults.DefaultSqlSession@5f0fae97]
Creating a new SqlSession
SqlSession [org.apache.ibatis.session.defaults.DefaultSqlSession@3e5cbbdc] was not registered for synchronization because synchronization is not active
JDBC Connection [HikariProxyConnection@1044833951 wrapping com.mysql.cj.jdbc.ConnectionImpl@7f028b35] will not be managed by Spring
==>  Preparing: SELECT COUNT(*) AS total FROM product WHERE (status = ? AND audit_status = ? AND expiry_status <> ? AND expiry_status = ?)
==> Parameters: 1(Integer), 1(Integer), 2(Integer), 1(Integer)
<==    Columns: total
<==        Row: 18
<==      Total: 1
==>  Preparing: SELECT id,merchant_id,category_id,name,description,price,original_price,stock,stock_warning,production_date,shelf_life_days,expiry_date,expiry_status,images,manufacturer,origin,license_no,quality_report_imgs,status,audit_status,sales,create_time,update_time FROM product WHERE (status = ? AND audit_status = ? AND expiry_status <> ? AND expiry_status = ?) ORDER BY expiry_date ASC LIMIT ?
==> Parameters: 1(Integer), 1(Integer), 2(Integer), 1(Integer), 10(Long)
<==    Columns: id, merchant_id, category_id, name, description, price, original_price, stock, stock_warning, production_date, shelf_life_days, expiry_date, expiry_status, images, manufacturer, origin, license_no, quality_report_imgs, status, audit_status, sales, create_time, update_time
<==        Row: 53, 1, 1, 来伊份 芒果干 120g, <<BLOB>>, 8.90, 22.00, 35, 10, 2026-01-15, 180, 2026-07-14, 1, /uploads/2026/07/09/2cf4349e23b54377876e46e21279af6e.png, 来伊份股份有限公司, 上海, SC10431010400545, null, 1, 1, 1450, 2026-04-24 16:25:18, 2026-05-19 17:41:35
<==        Row: 13, 5, 2, 星巴克 即饮咖啡 抹茶拿铁 270ml*6, <<BLOB>>, 38.00, 66.00, 45, 10, 2026-01-20, 180, 2026-07-19, 1, /uploads/2026/07/09/7cd2c1eb21de45fba8a2c4c1005a03ed.png, 星巴克咖啡公司, 美国, SC10611020400145, null, 1, 1, 1560, 2026-04-24 16:25:18, 2026-05-19 17:40:45
<==        Row: 54, 2, 5, 君乐宝 简醇 0添加蔗糖酸奶 250g*10, <<BLOB>>, 35.00, 59.90, 55, 10, 2026-03-25, 120, 2026-07-23, 1, /uploads/2026/07/09/756ee40572394d9988e42004389b6f1a.png, 石家庄君乐宝乳业有限公司, 河北石家庄, SC10513010100556, null, 1, 1, 3200, 2026-04-24 16:25:18, 2026-05-19 17:44:19
<==        Row: 7, 3, 1, 旺旺 仙贝 540g 家庭装, <<BLOB>>, 18.80, 38.00, 60, 10, 2025-10-01, 300, 2026-07-28, 1, /uploads/2026/07/09/642205ec1468425b918d77d9c8a2068b.png, 旺旺集团, 湖南长沙, SC10543010100078, null, 1, 1, 1800, 2026-04-24 16:25:18, 2026-05-19 17:41:42
<==        Row: 8, 1, 1, 盐津铺子 鱼豆腐 440g, <<BLOB>>, 16.01, 32.00, 1250, 10, 2026-02-01, 180, 2026-07-31, 1, /uploads/2026/07/09/d92bbf9ce44a4dfa973c693b9433be28.png, 盐津铺子食品股份有限公司, 湖南浏阳, SC10343012200090, null, 1, 1, 980, 2026-04-24 16:25:18, 2026-04-24 16:25:18
<==        Row: 24, 3, 4, 统一 老坛酸菜牛肉面 5连包, <<BLOB>>, 11.90, 20.00, 350, 10, 2026-02-15, 180, 2026-08-14, 1, /uploads/2026/07/09/973611b3e14c4aebbf5222ecb044cbe2.png, 统一企业(中国)投资有限公司, 北京, SC10111010400256, null, 1, 1, 12000, 2026-04-24 16:25:18, 2026-05-19 17:45:51
<==        Row: 32, 2, 5, 光明 莫斯利安 原味酸奶 200g*12, <<BLOB>>, 39.90, 65.00, 90, 10, 2026-03-20, 150, 2026-08-17, 1, /uploads/2026/07/09/490e7d6596f9493cac1d980d3fefb77e.png, 光明乳业股份有限公司, 上海, SC10531010400334, null, 1, 1, 6500, 2026-04-24 16:25:18, 2026-05-19 17:41:14
<==        Row: 3, 3, 1, 百草味 猪肉脯 200g, <<BLOB>>, 15.90, 35.90, 77, 10, 2026-02-20, 180, 2026-08-19, 1, /uploads/2026/07/09/04f030cbd2da487287e87a200c6d1be0.png, 百草味食品有限公司, 浙江杭州, SC10433010900789, null, 1, 1, 2103, 2026-04-24 16:25:18, 2026-07-09 14:40:34
<==        Row: 28, 3, 4, 阿宽 红油面皮 4连包, <<BLOB>>, 13.90, 24.00, 250, 10, 2026-02-28, 180, 2026-08-27, 1, /uploads/2026/07/09/fd7cefe317a34d229daa6f8493890bd0.png, 四川白家阿宽食品产业, 四川成都, SC10151010400290, null, 1, 1, 4300, 2026-04-24 16:25:18, 2026-05-19 17:40:57
<==        Row: 23, 3, 4, 康师傅 红烧牛肉面 5连包, <<BLOB>>, 11.50, 20.00, 400, 10, 2026-03-01, 180, 2026-08-28, 1, /uploads/2026/07/09/08d0fdb546d74ef18c9a8c6a81c2ef0b.png, 康师傅控股有限公司, 天津, SC10112010400245, null, 1, 1, 15000, 2026-04-24 16:25:18, 2026-05-19 17:44:12
<==      Total: 10
Closing non transactional SqlSession [org.apache.ibatis.session.defaults.DefaultSqlSession@3e5cbbdc]
Creating a new SqlSession
SqlSession [org.apache.ibatis.session.defaults.DefaultSqlSession@54ea01c8] was not registered for synchronization because synchronization is not active
JDBC Connection [HikariProxyConnection@1488801047 wrapping com.mysql.cj.jdbc.ConnectionImpl@7f028b35] will not be managed by Spring
==>  Preparing: SELECT COUNT(*) AS total FROM product WHERE (status = ? AND audit_status = ? AND expiry_status <> ?)
==> Parameters: 1(Integer), 1(Integer), 2(Integer)
<==    Columns: total
<==        Row: 53
<==      Total: 1
==>  Preparing: SELECT id,merchant_id,category_id,name,description,price,original_price,stock,stock_warning,production_date,shelf_life_days,expiry_date,expiry_status,images,manufacturer,origin,license_no,quality_report_imgs,status,audit_status,sales,create_time,update_time FROM product WHERE (status = ? AND audit_status = ? AND expiry_status <> ?) ORDER BY create_time DESC LIMIT ?
==> Parameters: 1(Integer), 1(Integer), 2(Integer), 10(Long)
<==    Columns: id, merchant_id, category_id, name, description, price, original_price, stock, stock_warning, production_date, shelf_life_days, expiry_date, expiry_status, images, manufacturer, origin, license_no, quality_report_imgs, status, audit_status, sales, create_time, update_time
<==        Row: 2, 1, 1, 三只松鼠 碧根果 500g, <<BLOB>>, 19.90, 45.90, 150, 10, 2026-01-10, 270, 2026-10-07, 1, /uploads/2026/07/09/0dc7281d54524232a87b255067a371e9.png, 三只松鼠股份有限公司, 安徽芜湖, SC11934020200456, null, 1, 1, 1230, 2026-04-24 16:25:18, 2026-05-19 17:40:57
<==        Row: 3, 3, 1, 百草味 猪肉脯 200g, <<BLOB>>, 15.90, 35.90, 77, 10, 2026-02-20, 180, 2026-08-19, 1, /uploads/2026/07/09/04f030cbd2da487287e87a200c6d1be0.png, 百草味食品有限公司, 浙江杭州, SC10433010900789, null, 1, 1, 2103, 2026-04-24 16:25:18, 2026-07-09 14:40:34
<==        Row: 4, 3, 1, 卫龙 大面筋 106g*10包, <<BLOB>>, 12.80, 25.00, 500, 10, 2026-03-01, 240, 2026-10-27, 0, /uploads/2026/07/09/ce49295547704ec79f7569a98a3f0b4b.png, 卫龙美味全球控股, 河南漯河, SC10341110400012, null, 1, 1, 5680, 2026-04-24 16:25:18, 2026-05-19 17:45:51
<==        Row: 5, 1, 1, 洽洽 瓜子 308g 焦糖味, <<BLOB>>, 9.90, 18.90, 300, 10, 2026-01-05, 270, 2026-10-02, 1, /uploads/2026/07/09/8f7b9a5750c34821bf9a2d7155c7bba0.png, 洽洽食品股份有限公司, 安徽合肥, SC11834010100034, null, 1, 1, 3200, 2026-04-24 16:25:18, 2026-05-19 17:41:42
<==        Row: 6, 5, 1, 乐事 薯片 大波浪 原味 135g, <<BLOB>>, 7.50, 12.80, 399, 10, 2026-03-15, 180, 2026-09-11, 0, /uploads/2026/07/09/e0f4bc24f4bd49a18629dd20bf7ea3ea.png, 百事食品(中国)有限公司, 北京, SC10511010400056, null, 1, 1, 4501, 2026-04-24 16:25:18, 2026-05-19 17:41:42
<==        Row: 7, 3, 1, 旺旺 仙贝 540g 家庭装, <<BLOB>>, 18.80, 38.00, 60, 10, 2025-10-01, 300, 2026-07-28, 1, /uploads/2026/07/09/642205ec1468425b918d77d9c8a2068b.png, 旺旺集团, 湖南长沙, SC10543010100078, null, 1, 1, 1800, 2026-04-24 16:25:18, 2026-05-19 17:41:42
<==        Row: 8, 1, 1, 盐津铺子 鱼豆腐 440g, <<BLOB>>, 16.01, 32.00, 1250, 10, 2026-02-01, 180, 2026-07-31, 1, /uploads/2026/07/09/d92bbf9ce44a4dfa973c693b9433be28.png, 盐津铺子食品股份有限公司, 湖南浏阳, SC10343012200090, null, 1, 1, 980, 2026-04-24 16:25:18, 2026-04-24 16:25:18
<==        Row: 9, 2, 2, 农夫山泉 东方树叶 茉莉花茶 500ml*15, <<BLOB>>, 45.00, 75.00, 300, 10, 2026-02-10, 365, 2027-02-10, 0, /uploads/2026/07/09/113f1d41772546bbbd5d574a8f1b88a3.png, 农夫山泉股份有限公司, 浙江杭州, SC10633010900100, null, 1, 1, 6700, 2026-04-24 16:25:18, 2026-05-19 17:41:42
<==        Row: 10, 2, 2, 元气森林 白桃气泡水 480ml*12, <<BLOB>>, 49.90, 72.00, 200, 10, 2026-03-01, 270, 2026-11-26, 0, /uploads/2026/07/09/a81826bb791b4c0194ed5e3b0d726d9e.png, 元气森林(北京)食品科技集团, 北京, SC10611010400112, null, 1, 1, 8900, 2026-04-24 16:25:18, 2026-05-19 17:44:12
<==        Row: 11, 2, 2, 三得利 乌龙茶 500ml*18, <<BLOB>>, 55.00, 90.00, 97, 10, 2026-01-15, 365, 2027-01-15, 0, /uploads/2026/07/09/98e3ba80e5cf4951a33eb1a60aa3ed16.png, 三得利(中国)投资有限公司, 上海, SC10631010400123, null, 1, 1, 4203, 2026-04-24 16:25:18, 2026-07-09 15:42:19
<==      Total: 10
Closing non transactional SqlSession [org.apache.ibatis.session.defaults.DefaultSqlSession@54ea01c8]
Creating a new SqlSession
SqlSession [org.apache.ibatis.session.defaults.DefaultSqlSession@65c8e88b] was not registered for synchronization because synchronization is not active
JDBC Connection [HikariProxyConnection@620094128 wrapping com.mysql.cj.jdbc.ConnectionImpl@7f028b35] will not be managed by Spring
==>  Preparing: SELECT COUNT(*) AS total FROM product WHERE (status = ? AND audit_status = ? AND expiry_status <> ?)
==> Parameters: 1(Integer), 1(Integer), 2(Integer)
<==    Columns: total
<==        Row: 53
<==      Total: 1
==>  Preparing: SELECT id,merchant_id,category_id,name,description,price,original_price,stock,stock_warning,production_date,shelf_life_days,expiry_date,expiry_status,images,manufacturer,origin,license_no,quality_report_imgs,status,audit_status,sales,create_time,update_time FROM product WHERE (status = ? AND audit_status = ? AND expiry_status <> ?) ORDER BY sales DESC LIMIT ?
==> Parameters: 1(Integer), 1(Integer), 2(Integer), 10(Long)
<==    Columns: id, merchant_id, category_id, name, description, price, original_price, stock, stock_warning, production_date, shelf_life_days, expiry_date, expiry_status, images, manufacturer, origin, license_no, quality_report_imgs, status, audit_status, sales, create_time, update_time
<==        Row: 23, 3, 4, 康师傅 红烧牛肉面 5连包, <<BLOB>>, 11.50, 20.00, 400, 10, 2026-03-01, 180, 2026-08-28, 1, /uploads/2026/07/09/08d0fdb546d74ef18c9a8c6a81c2ef0b.png, 康师傅控股有限公司, 天津, SC10112010400245, null, 1, 1, 15000, 2026-04-24 16:25:18, 2026-05-19 17:44:12
<==        Row: 14, 2, 2, 康师傅 冰红茶 500ml*15, <<BLOB>>, 28.00, 45.00, 350, 10, 2026-03-10, 365, 2027-03-10, 0, /uploads/2026/07/09/9b324b9799bd48e0b312db0d2e150555.png, 康师傅控股有限公司, 天津, SC10612010400156, null, 1, 1, 12000, 2026-04-24 16:25:18, 2026-06-30 14:21:33
<==        Row: 24, 3, 4, 统一 老坛酸菜牛肉面 5连包, <<BLOB>>, 11.90, 20.00, 350, 10, 2026-02-15, 180, 2026-08-14, 1, /uploads/2026/07/09/973611b3e14c4aebbf5222ecb044cbe2.png, 统一企业(中国)投资有限公司, 北京, SC10111010400256, null, 1, 1, 12000, 2026-04-24 16:25:18, 2026-05-19 17:45:51
<==        Row: 31, 2, 5, 伊利 安慕希 原味酸奶 205g*12, <<BLOB>>, 45.00, 69.90, 120, 10, 2026-04-01, 150, 2026-08-29, 0, /uploads/2026/07/09/8a0708c4c69a46e0b0e50395837ae1a7.png, 内蒙古伊利实业集团, 内蒙古呼和浩特, SC10515010100323, null, 1, 1, 11000, 2026-04-24 16:25:18, 2026-05-19 17:41:14
<==        Row: 30, 2, 5, 蒙牛 特仑苏 纯牛奶 250ml*12, <<BLOB>>, 49.90, 79.90, 150, 10, 2026-03-15, 180, 2026-09-11, 1, /uploads/2026/05/19/product_30_51425b361ef54d068c104e7cf8ebc87e.jpg, 蒙牛乳业(集团)股份有限公司, 内蒙古呼和浩特, SC10515010100312, null, 1, 1, 9200, 2026-04-24 16:25:18, 2026-05-19 17:40:57
<==        Row: 10, 2, 2, 元气森林 白桃气泡水 480ml*12, <<BLOB>>, 49.90, 72.00, 200, 10, 2026-03-01, 270, 2026-11-26, 0, /uploads/2026/07/09/a81826bb791b4c0194ed5e3b0d726d9e.png, 元气森林(北京)食品科技集团, 北京, SC10611010400112, null, 1, 1, 8900, 2026-04-24 16:25:18, 2026-05-19 17:44:12
<==        Row: 55, 3, 4, 白象 大骨面 香辣牛骨味 5连包, <<BLOB>>, 9.90, 18.00, 280, 10, 2026-03-05, 180, 2026-09-01, 1, /uploads/2026/07/09/cc2736ae87d6493bb1c0d3f494412ef2.png, 白象食品集团, 河南郑州, SC10141010400567, null, 1, 1, 8900, 2026-04-24 16:25:18, 2026-05-19 17:41:35
<==        Row: 35, 1, 6, 奥利奥 夹心饼干 原味 388g, <<BLOB>>, 12.90, 22.00, 300, 10, 2026-02-10, 365, 2027-02-10, 0, /uploads/2026/07/09/d60e75c55d51445e8bd9b938961e7300.png, 亿滋食品(中国)有限公司, 北京, SC10411010400367, null, 1, 1, 8900, 2026-04-24 16:25:18, 2026-05-19 17:41:14
<==        Row: 34, 2, 5, 认养一头牛 全脂纯牛奶 250ml*12, <<BLOB>>, 39.00, 59.90, 200, 10, 2026-03-01, 180, 2026-08-28, 1, /uploads/2026/07/09/5ac5ac2bb87049a49fc0364defcbb65c.png, 认养一头牛控股集团, 河北张家口, SC10513010100356, null, 1, 1, 7800, 2026-04-24 16:25:18, 2026-05-19 17:41:14
<==        Row: 27, 1, 4, 螺霸王 螺蛳粉 330g*3, <<BLOB>>, 25.80, 42.00, 200, 10, 2026-03-10, 180, 2026-09-06, 1, /uploads/2026/07/09/f2ae866cf9f34e719c92018c513a99cd.png, 柳州市螺霸王食品, 广西柳州, SC10145020100289, null, 1, 1, 7800, 2026-04-24 16:25:18, 2026-04-24 16:25:18
<==      Total: 10
Closing non transactional SqlSession [org.apache.ibatis.session.defaults.DefaultSqlSession@65c8e88b]
Creating a new SqlSession
SqlSession [org.apache.ibatis.session.defaults.DefaultSqlSession@13a6e94a] was not registered for synchronization because synchronization is not active
JDBC Connection [HikariProxyConnection@2132336412 wrapping com.mysql.cj.jdbc.ConnectionImpl@7f028b35] will not be managed by Spring
==>  Preparing: SELECT id,username,password,nickname,avatar,create_time,update_time FROM admin WHERE (username = ?)
==> Parameters: admin(String)
<==    Columns: id, username, password, nickname, avatar, create_time, update_time
<==        Row: 1, admin, 0192023a7bbd73250516f069df18b500, 超级管理员, null, 2026-04-24 15:43:42, 2026-04-24 16:27:09
<==      Total: 1
Closing non transactional SqlSession [org.apache.ibatis.session.defaults.DefaultSqlSession@13a6e94a]
Creating a new SqlSession
SqlSession [org.apache.ibatis.session.defaults.DefaultSqlSession@3e0c5a37] was not registered for synchronization because synchronization is not active
JDBC Connection [HikariProxyConnection@1436064932 wrapping com.mysql.cj.jdbc.ConnectionImpl@7f028b35] will not be managed by Spring
==>  Preparing: SELECT COUNT( * ) AS total FROM user
==> Parameters: 
<==    Columns: total
<==        Row: 22
<==      Total: 1
Closing non transactional SqlSession [org.apache.ibatis.session.defaults.DefaultSqlSession@3e0c5a37]
Creating a new SqlSession
SqlSession [org.apache.ibatis.session.defaults.DefaultSqlSession@1df7be51] was not registered for synchronization because synchronization is not active
JDBC Connection [HikariProxyConnection@1106678330 wrapping com.mysql.cj.jdbc.ConnectionImpl@7f028b35] will not be managed by Spring
==>  Preparing: SELECT COUNT( * ) AS total FROM merchant
==> Parameters: 
<==    Columns: total
<==        Row: 7
<==      Total: 1
Closing non transactional SqlSession [org.apache.ibatis.session.defaults.DefaultSqlSession@1df7be51]
Creating a new SqlSession
SqlSession [org.apache.ibatis.session.defaults.DefaultSqlSession@4fb85fc3] was not registered for synchronization because synchronization is not active
JDBC Connection [HikariProxyConnection@1872586067 wrapping com.mysql.cj.jdbc.ConnectionImpl@7f028b35] will not be managed by Spring
==>  Preparing: SELECT COUNT( * ) AS total FROM product
==> Parameters: 
<==    Columns: total
<==        Row: 56
<==      Total: 1
Closing non transactional SqlSession [org.apache.ibatis.session.defaults.DefaultSqlSession@4fb85fc3]
Creating a new SqlSession
SqlSession [org.apache.ibatis.session.defaults.DefaultSqlSession@11377dad] was not registered for synchronization because synchronization is not active
JDBC Connection [HikariProxyConnection@607926939 wrapping com.mysql.cj.jdbc.ConnectionImpl@7f028b35] will not be managed by Spring
==>  Preparing: SELECT COUNT( * ) AS total FROM orders
==> Parameters: 
<==    Columns: total
<==        Row: 44
<==      Total: 1
Closing non transactional SqlSession [org.apache.ibatis.session.defaults.DefaultSqlSession@11377dad]
Creating a new SqlSession
SqlSession [org.apache.ibatis.session.defaults.DefaultSqlSession@6d6986c6] was not registered for synchronization because synchronization is not active
JDBC Connection [HikariProxyConnection@1777062961 wrapping com.mysql.cj.jdbc.ConnectionImpl@7f028b35] will not be managed by Spring
==>  Preparing: SELECT id,order_no,user_id,merchant_id,total_amount,pay_status,order_status,receiver_name,receiver_phone,receiver_address,express_company,express_no,logistics_status,remark,pay_time,ship_time,receive_time,create_time,update_time FROM orders WHERE (order_status >= ? AND order_status <> ?)
==> Parameters: 1(Integer), 4(Integer)
<==    Columns: id, order_no, user_id, merchant_id, total_amount, pay_status, order_status, receiver_name, receiver_phone, receiver_address, express_company, express_no, logistics_status, remark, pay_time, ship_time, receive_time, create_time, update_time
<==        Row: 1, ORD20260401001, 1, 1, 79.80, 1, 3, 张三, 13800001001, 北京市朝阳区建国路88号, 顺丰速运, SF1234567890, 3, null, 2026-04-01 10:30:00, 2026-04-02 09:00:00, 2026-04-04 14:00:00, 2026-04-01 10:00:00, 2026-04-24 16:25:18
<==        Row: 2, ORD20260401002, 2, 2, 94.90, 1, 3, 李四, 13800001002, 上海市浦东新区陆家嘴, 中通快递, ZT9876543210, 3, 请尽快发货, 2026-04-01 14:20:00, 2026-04-02 10:00:00, 2026-04-05 11:00:00, 2026-04-01 14:00:00, 2026-04-24 16:25:18
<==        Row: 3, ORD20260402001, 3, 3, 47.40, 1, 3, 王五, 13800001003, 广州市天河区天河路385号, 韵达快递, YD5678901234, 3, null, 2026-04-02 09:10:00, 2026-04-03 08:00:00, 2026-04-06 16:00:00, 2026-04-02 09:00:00, 2026-04-24 16:25:18
<==        Row: 4, ORD20260402002, 1, 4, 62.80, 1, 3, 张三, 13800001001, 北京市海淀区中关村大街1号, 圆通速递, YT3456789012, 3, null, 2026-04-02 16:30:00, 2026-04-03 09:00:00, 2026-04-05 10:00:00, 2026-04-02 16:00:00, 2026-04-24 16:25:18
<==        Row: 5, ORD20260403001, 5, 5, 97.00, 1, 3, 孙七, 13800001005, 南京市鼓楼区中山路18号, 申通快递, ST6789012345, 3, null, 2026-04-03 11:20:00, 2026-04-04 08:00:00, 2026-04-07 15:00:00, 2026-04-03 11:00:00, 2026-04-24 16:25:18
<==        Row: 6, ORD20260405001, 4, 1, 39.90, 1, 3, 赵六, 13800001004, 杭州市西湖区文三路90号, 极兔速递, JT1122334455, 3, null, 2026-04-05 13:15:00, 2026-04-06 09:00:00, 2026-04-08 12:00:00, 2026-04-05 13:00:00, 2026-04-24 16:25:18
<==        Row: 7, ORD20260406001, 6, 2, 89.90, 1, 3, 周八, 13800001006, 成都市锦江区春熙路, 京东物流, JD7788990011, 3, null, 2026-04-06 10:45:00, 2026-04-07 08:00:00, 2026-04-09 17:00:00, 2026-04-06 10:30:00, 2026-04-24 16:25:18
<==        Row: 8, ORD20260407001, 7, 3, 25.80, 1, 3, 吴九, 13800001007, 武汉市武昌区中南路99号, 顺丰速运, SF2233445566, 3, 注意保鲜, 2026-04-07 15:30:00, 2026-04-08 09:00:00, 2026-04-10 11:00:00, 2026-04-07 15:00:00, 2026-04-24 16:25:18
<==        Row: 9, ORD20260420001, 1, 1, 59.70, 1, 2, 张三, 13800001001, 北京市朝阳区建国路88号, 顺丰速运, SF3344556677, 2, null, 2026-04-20 09:30:00, 2026-04-21 08:00:00, null, 2026-04-20 09:00:00, 2026-04-24 16:25:18
<==        Row: 10, ORD20260420002, 2, 3, 37.60, 1, 2, 李四, 13800001002, 上海市浦东新区陆家嘴, 中通快递, ZT4455667788, 1, null, 2026-04-20 14:20:00, 2026-04-21 10:00:00, null, 2026-04-20 14:00:00, 2026-04-24 16:25:18
<==        Row: 11, ORD20260421001, 3, 5, 75.00, 1, 2, 王五, 13800001003, 广州市天河区天河路385号, 韵达快递, YD5566778899, 2, null, 2026-04-21 11:10:00, 2026-04-22 08:00:00, null, 2026-04-21 11:00:00, 2026-04-24 16:25:18
<==        Row: 12, ORD20260421002, 9, 2, 49.90, 1, 2, 小明, 13800001009, 青岛市市南区香港中路61号, 圆通速递, YT6677889900, 1, null, 2026-04-21 16:30:00, 2026-04-22 09:00:00, null, 2026-04-21 16:00:00, 2026-04-24 16:25:18
<==        Row: 13, ORD20260423001, 4, 4, 49.90, 1, 1, 赵六, 13800001004, 杭州市西湖区文三路90号, null, null, 0, null, 2026-04-23 09:20:00, null, null, 2026-04-23 09:00:00, 2026-04-24 16:25:18
<==        Row: 14, ORD20260423002, 5, 1, 119.70, 1, 1, 孙七, 13800001005, 南京市鼓楼区中山路18号, null, null, 0, 发顺丰, 2026-04-23 10:45:00, null, null, 2026-04-23 10:30:00, 2026-04-24 16:25:18
<==        Row: 15, ORD20260423003, 10, 2, 45.00, 1, 1, 小红, 13800001010, 天津市和平区南京路189号, null, null, 0, null, 2026-04-23 14:20:00, null, null, 2026-04-23 14:00:00, 2026-04-24 16:25:18
<==        Row: 16, ORD20260424001, 8, 3, 33.40, 1, 1, 郑十, 13800001008, 厦门市思明区中山路128号, null, null, 0, null, 2026-04-24 08:30:00, null, null, 2026-04-24 08:00:00, 2026-04-24 16:25:18
<==        Row: 23, ORD20260315001, 1, 3, 12.80, 1, 3, 张三, 13800001001, 北京市朝阳区建国路88号, 中通快递, ZT1111222233, 3, null, 2026-03-15 10:00:00, 2026-03-16 08:00:00, 2026-03-19 14:00:00, 2026-03-15 09:30:00, 2026-04-24 16:25:18
<==        Row: 24, ORD20260316001, 2, 5, 75.00, 1, 3, 李四, 13800001002, 上海市浦东新区陆家嘴, 顺丰速运, SF4444555566, 3, null, 2026-03-16 14:00:00, 2026-03-17 09:00:00, 2026-03-20 11:00:00, 2026-03-16 13:30:00, 2026-04-24 16:25:18
<==        Row: 25, ORD20260318001, 5, 2, 45.00, 1, 3, 孙七, 13800001005, 南京市鼓楼区中山路18号, 韵达快递, YD7777888899, 3, null, 2026-03-18 09:00:00, 2026-03-19 08:00:00, 2026-03-22 16:00:00, 2026-03-18 08:30:00, 2026-04-24 16:25:18
<==        Row: 26, ORD20260320001, 9, 1, 19.90, 1, 3, 小明, 13800001009, 青岛市市南区香港中路61号, 申通快递, ST0000111122, 3, null, 2026-03-20 16:00:00, 2026-03-21 09:00:00, 2026-03-24 12:00:00, 2026-03-20 15:30:00, 2026-04-24 16:25:18
<==        Row: 27, ORD20260322001, 10, 4, 12.90, 1, 3, 小红, 13800001010, 天津市和平区南京路189号, 极兔速递, JT3333444455, 3, null, 2026-03-22 11:00:00, 2026-03-23 08:00:00, 2026-03-26 15:00:00, 2026-03-22 10:30:00, 2026-04-24 16:25:18
<==        Row: 28, ORD20260325001, 3, 2, 49.90, 1, 3, 王五, 13800001003, 广州市天河区天河路385号, 圆通速递, YT5555666677, 3, null, 2026-03-25 10:00:00, 2026-03-26 09:00:00, 2026-03-29 14:00:00, 2026-03-25 09:30:00, 2026-04-24 16:25:18
<==        Row: 29, 2047598680821440512, 61, 3, 15.90, 1, 1, 1231, 123123, 1231123123123123123, null, null, 0, 2134547, 2026-04-24 16:49:11, null, null, 2026-04-24 16:49:03, 2026-04-24 16:49:03
<==        Row: 31, 2047621173934252032, 61, 5, 7.50, 1, 1, 1231, 123123, 1231123123123123123, null, null, 0, , 2026-04-24 18:18:29, null, null, 2026-04-24 18:18:25, 2026-04-24 18:18:25
<==        Row: 32, 2055155368613056512, 61, 3, 15.90, 1, 1, 123, 123123123, 北京市北京市朝阳区12312312313, null, null, 0, , 2026-05-15 13:16:41, null, null, 2026-05-15 13:16:37, 2026-05-15 13:16:37
<==        Row: 33, 2055156322146127872, 61, 1, 39.90, 1, 3, 123, 123123123, 北京市北京市朝阳区12312312313, 123123, 123123123, 1, , 2026-05-15 13:20:29, 2026-05-15 13:21:00, null, 2026-05-15 13:20:25, 2026-05-15 13:20:25
<==        Row: 34, 2055156929577816064, 61, 1, 39.90, 1, 3, 123, 123123123, 北京市北京市朝阳区12312312313, 123123123, 123123123, 3, , 2026-05-15 13:22:58, 2026-05-15 13:23:08, 2026-05-15 13:23:16, 2026-05-15 13:22:50, 2026-05-15 13:22:50
<==        Row: 35, 2055173320959787008, 61, 1, 39.90, 1, 3, 123, 123123123, 北京市北京市朝阳区12312312313, 123123, 123123, 3, , 2026-05-15 14:28:11, 2026-05-15 14:30:29, 2026-05-19 18:21:01, 2026-05-15 14:27:58, 2026-05-15 14:27:58
<==        Row: 36, 2055173341209886720, 61, 1, 39.90, 1, 3, 123, 123123123, 北京市北京市朝阳区12312312313, 12312, 123123, 3, , 2026-05-15 14:28:05, 2026-05-15 14:28:36, 2026-05-15 14:30:44, 2026-05-15 14:28:02, 2026-05-15 14:28:02
<==        Row: 37, 2055183315197702144, 61, 1, 39.90, 1, 3, 123, 123123123, 北京市北京市朝阳区12312312313, 12312, 123123, 1, , 2026-05-15 15:07:45, 2026-05-15 15:07:54, null, 2026-05-15 15:07:40, 2026-05-15 15:07:40
<==        Row: 38, 2055196386867781632, 61, 1, 39.90, 1, 5, 123, 123123123, 北京市北京市朝阳区12312312313, 123, 12, 3, , 2026-05-15 15:59:39, 2026-05-15 15:59:49, 2026-05-15 15:59:58, 2026-05-15 15:59:37, 2026-05-15 15:59:37
<==        Row: 39, 2056681396066975744, 61, 2, 110.00, 1, 1, 123, 123123123, 北京市北京市朝阳区12312312313, null, null, 0, 11111, 2026-05-19 18:20:35, null, null, 2026-05-19 18:20:31, 2026-05-19 18:20:31
<==        Row: 42, 2074696999036047360, 61, 1, 39.90, 1, 3, 喜喜, 19999999999, 陕西省西安市雁塔区朱雀大街101号, 顺丰速运, 101011101010110, 3, , 2026-07-08 11:28:35, 2026-07-08 11:31:53, 2026-07-08 11:32:22, 2026-07-08 11:28:05, 2026-07-08 11:28:05
<==        Row: 43, 2075107830000115712, 62, 3, 15.90, 1, 1, 曹晓玲, 15691450197, 陕西省西安市长安区西安财经大学, null, null, 0, , 2026-07-09 14:40:38, null, null, 2026-07-09 14:40:35, 2026-07-09 14:40:35
<==        Row: 44, 2075123369211785216, 62, 2, 55.00, 1, 1, 曹晓玲, 15691450197, 陕西省西安市长安区西安财经大学, null, null, 0, , 2026-07-09 15:42:26, null, null, 2026-07-09 15:42:20, 2026-07-09 15:42:20
<==      Total: 35
Closing non transactional SqlSession [org.apache.ibatis.session.defaults.DefaultSqlSession@6d6986c6]
Creating a new SqlSession
SqlSession [org.apache.ibatis.session.defaults.DefaultSqlSession@34426243] was not registered for synchronization because synchronization is not active
JDBC Connection [HikariProxyConnection@790936204 wrapping com.mysql.cj.jdbc.ConnectionImpl@7f028b35] will not be managed by Spring
==>  Preparing: SELECT COUNT( * ) AS total FROM merchant WHERE (audit_status = ?)
==> Parameters: 0(Integer)
<==    Columns: total
<==        Row: 0
<==      Total: 1
Closing non transactional SqlSession [org.apache.ibatis.session.defaults.DefaultSqlSession@34426243]
Creating a new SqlSession
SqlSession [org.apache.ibatis.session.defaults.DefaultSqlSession@1d0bfb4c] was not registered for synchronization because synchronization is not active
JDBC Connection [HikariProxyConnection@1406771598 wrapping com.mysql.cj.jdbc.ConnectionImpl@7f028b35] will not be managed by Spring
==>  Preparing: SELECT COUNT( * ) AS total FROM product WHERE (expiry_status = ?)
==> Parameters: 1(Integer)
<==    Columns: total
<==        Row: 18
<==      Total: 1
Closing non transactional SqlSession [org.apache.ibatis.session.defaults.DefaultSqlSession@1d0bfb4c]
Creating a new SqlSession
SqlSession [org.apache.ibatis.session.defaults.DefaultSqlSession@6e408f72] was not registered for synchronization because synchronization is not active
JDBC Connection [HikariProxyConnection@2022657727 wrapping com.mysql.cj.jdbc.ConnectionImpl@7f028b35] will not be managed by Spring
==>  Preparing: SELECT COUNT( * ) AS total FROM orders WHERE (order_status = ?)
==> Parameters: 0(Integer)
<==    Columns: total
<==        Row: 5
<==      Total: 1
Closing non transactional SqlSession [org.apache.ibatis.session.defaults.DefaultSqlSession@6e408f72]
Creating a new SqlSession
SqlSession [org.apache.ibatis.session.defaults.DefaultSqlSession@2b3e17a5] was not registered for synchronization because synchronization is not active
JDBC Connection [HikariProxyConnection@1106192047 wrapping com.mysql.cj.jdbc.ConnectionImpl@7f028b35] will not be managed by Spring
==>  Preparing: SELECT COUNT( * ) AS total FROM orders WHERE (order_status = ?)
==> Parameters: 1(Integer)
<==    Columns: total
<==        Row: 10
<==      Total: 1
Closing non transactional SqlSession [org.apache.ibatis.session.defaults.DefaultSqlSession@2b3e17a5]
Creating a new SqlSession
SqlSession [org.apache.ibatis.session.defaults.DefaultSqlSession@26d687f6] was not registered for synchronization because synchronization is not active
JDBC Connection [HikariProxyConnection@2098085814 wrapping com.mysql.cj.jdbc.ConnectionImpl@7f028b35] will not be managed by Spring
==>  Preparing: SELECT COUNT( * ) AS total FROM orders WHERE (order_status = ?)
==> Parameters: 2(Integer)
<==    Columns: total
<==        Row: 4
<==      Total: 1
Closing non transactional SqlSession [org.apache.ibatis.session.defaults.DefaultSqlSession@26d687f6]
Creating a new SqlSession
SqlSession [org.apache.ibatis.session.defaults.DefaultSqlSession@3d17857a] was not registered for synchronization because synchronization is not active
JDBC Connection [HikariProxyConnection@835280963 wrapping com.mysql.cj.jdbc.ConnectionImpl@7f028b35] will not be managed by Spring
==>  Preparing: SELECT COUNT( * ) AS total FROM orders WHERE (order_status = ?)
==> Parameters: 3(Integer)
<==    Columns: total
<==        Row: 20
<==      Total: 1
Closing non transactional SqlSession [org.apache.ibatis.session.defaults.DefaultSqlSession@3d17857a]
Creating a new SqlSession
SqlSession [org.apache.ibatis.session.defaults.DefaultSqlSession@748bd26c] was not registered for synchronization because synchronization is not active
JDBC Connection [HikariProxyConnection@517167347 wrapping com.mysql.cj.jdbc.ConnectionImpl@7f028b35] will not be managed by Spring
==>  Preparing: SELECT COUNT( * ) AS total FROM orders WHERE (order_status = ?)
==> Parameters: 4(Integer)
<==    Columns: total
<==        Row: 4
<==      Total: 1
Closing non transactional SqlSession [org.apache.ibatis.session.defaults.DefaultSqlSession@748bd26c]
Creating a new SqlSession
SqlSession [org.apache.ibatis.session.defaults.DefaultSqlSession@8105ab6] was not registered for synchronization because synchronization is not active
JDBC Connection [HikariProxyConnection@572715370 wrapping com.mysql.cj.jdbc.ConnectionImpl@7f028b35] will not be managed by Spring
==>  Preparing: SELECT id,name,icon,sort,parent_id,status,create_time,update_time FROM category
==> Parameters: 
<==    Columns: id, name, icon, sort, parent_id, status, create_time, update_time
<==        Row: 1, 休闲零食, null, 1, 0, 1, 2026-04-24 15:43:42, 2026-04-24 15:43:42
<==        Row: 2, 饮料冲调, null, 2, 0, 1, 2026-04-24 15:43:42, 2026-04-24 15:43:42
<==        Row: 3, 粮油调味, null, 3, 0, 1, 2026-04-24 15:43:42, 2026-04-24 15:43:42
<==        Row: 4, 方便速食, null, 4, 0, 1, 2026-04-24 15:43:42, 2026-04-24 15:43:42
<==        Row: 5, 乳制品, null, 5, 0, 1, 2026-04-24 15:43:42, 2026-04-24 15:43:42
<==        Row: 6, 饼干糕点, null, 6, 0, 1, 2026-04-24 15:43:42, 2026-04-24 15:43:42
<==        Row: 7, 糖果巧克力, null, 7, 0, 1, 2026-04-24 15:43:42, 2026-04-24 15:43:42
<==        Row: 8, 进口食品, null, 8, 0, 1, 2026-04-24 15:43:42, 2026-04-24 15:43:42
<==      Total: 8
Closing non transactional SqlSession [org.apache.ibatis.session.defaults.DefaultSqlSession@8105ab6]
Creating a new SqlSession
SqlSession [org.apache.ibatis.session.defaults.DefaultSqlSession@11393ccc] was not registered for synchronization because synchronization is not active
JDBC Connection [HikariProxyConnection@371296187 wrapping com.mysql.cj.jdbc.ConnectionImpl@7f028b35] will not be managed by Spring
==>  Preparing: SELECT id,merchant_id,category_id,name,description,price,original_price,stock,stock_warning,production_date,shelf_life_days,expiry_date,expiry_status,images,manufacturer,origin,license_no,quality_report_imgs,status,audit_status,sales,create_time,update_time FROM product WHERE (category_id = ?)
==> Parameters: 1(Long)
<==    Columns: id, merchant_id, category_id, name, description, price, original_price, stock, stock_warning, production_date, shelf_life_days, expiry_date, expiry_status, images, manufacturer, origin, license_no, quality_report_imgs, status, audit_status, sales, create_time, update_time
<==        Row: 1, 1, 1, 良品铺子 综合果仁 750g, <<BLOB>>, 39.90, 89.90, 196, 10, 2025-11-15, 200, 2026-06-03, 2, /uploads/2026/07/09/fb1c87c053d94a91ae57cb6d0ed67adc.png, 良品铺子股份有限公司, 湖北武汉, SC11942010600123, null, 1, 1, 860, 2026-04-24 16:25:18, 2026-07-08 11:28:05
<==        Row: 2, 1, 1, 三只松鼠 碧根果 500g, <<BLOB>>, 19.90, 45.90, 150, 10, 2026-01-10, 270, 2026-10-07, 1, /uploads/2026/07/09/0dc7281d54524232a87b255067a371e9.png, 三只松鼠股份有限公司, 安徽芜湖, SC11934020200456, null, 1, 1, 1230, 2026-04-24 16:25:18, 2026-05-19 17:40:57
<==        Row: 3, 3, 1, 百草味 猪肉脯 200g, <<BLOB>>, 15.90, 35.90, 77, 10, 2026-02-20, 180, 2026-08-19, 1, /uploads/2026/07/09/04f030cbd2da487287e87a200c6d1be0.png, 百草味食品有限公司, 浙江杭州, SC10433010900789, null, 1, 1, 2103, 2026-04-24 16:25:18, 2026-07-09 14:40:34
<==        Row: 4, 3, 1, 卫龙 大面筋 106g*10包, <<BLOB>>, 12.80, 25.00, 500, 10, 2026-03-01, 240, 2026-10-27, 0, /uploads/2026/07/09/ce49295547704ec79f7569a98a3f0b4b.png, 卫龙美味全球控股, 河南漯河, SC10341110400012, null, 1, 1, 5680, 2026-04-24 16:25:18, 2026-05-19 17:45:51
<==        Row: 5, 1, 1, 洽洽 瓜子 308g 焦糖味, <<BLOB>>, 9.90, 18.90, 300, 10, 2026-01-05, 270, 2026-10-02, 1, /uploads/2026/07/09/8f7b9a5750c34821bf9a2d7155c7bba0.png, 洽洽食品股份有限公司, 安徽合肥, SC11834010100034, null, 1, 1, 3200, 2026-04-24 16:25:18, 2026-05-19 17:41:42
<==        Row: 6, 5, 1, 乐事 薯片 大波浪 原味 135g, <<BLOB>>, 7.50, 12.80, 399, 10, 2026-03-15, 180, 2026-09-11, 0, /uploads/2026/07/09/e0f4bc24f4bd49a18629dd20bf7ea3ea.png, 百事食品(中国)有限公司, 北京, SC10511010400056, null, 1, 1, 4501, 2026-04-24 16:25:18, 2026-05-19 17:41:42
<==        Row: 7, 3, 1, 旺旺 仙贝 540g 家庭装, <<BLOB>>, 18.80, 38.00, 60, 10, 2025-10-01, 300, 2026-07-28, 1, /uploads/2026/07/09/642205ec1468425b918d77d9c8a2068b.png, 旺旺集团, 湖南长沙, SC10543010100078, null, 1, 1, 1800, 2026-04-24 16:25:18, 2026-05-19 17:41:42
<==        Row: 8, 1, 1, 盐津铺子 鱼豆腐 440g, <<BLOB>>, 16.01, 32.00, 1250, 10, 2026-02-01, 180, 2026-07-31, 1, /uploads/2026/07/09/d92bbf9ce44a4dfa973c693b9433be28.png, 盐津铺子食品股份有限公司, 湖南浏阳, SC10343012200090, null, 1, 1, 980, 2026-04-24 16:25:18, 2026-04-24 16:25:18
<==        Row: 53, 1, 1, 来伊份 芒果干 120g, <<BLOB>>, 8.90, 22.00, 35, 10, 2026-01-15, 180, 2026-07-14, 1, /uploads/2026/07/09/2cf4349e23b54377876e46e21279af6e.png, 来伊份股份有限公司, 上海, SC10431010400545, null, 1, 1, 1450, 2026-04-24 16:25:18, 2026-05-19 17:41:35
<==      Total: 9
Closing non transactional SqlSession [org.apache.ibatis.session.defaults.DefaultSqlSession@11393ccc]
Creating a new SqlSession
SqlSession [org.apache.ibatis.session.defaults.DefaultSqlSession@19fbe027] was not registered for synchronization because synchronization is not active
JDBC Connection [HikariProxyConnection@716759562 wrapping com.mysql.cj.jdbc.ConnectionImpl@7f028b35] will not be managed by Spring
==>  Preparing: SELECT id,merchant_id,category_id,name,description,price,original_price,stock,stock_warning,production_date,shelf_life_days,expiry_date,expiry_status,images,manufacturer,origin,license_no,quality_report_imgs,status,audit_status,sales,create_time,update_time FROM product WHERE (category_id = ?)
==> Parameters: 2(Long)
<==    Columns: id, merchant_id, category_id, name, description, price, original_price, stock, stock_warning, production_date, shelf_life_days, expiry_date, expiry_status, images, manufacturer, origin, license_no, quality_report_imgs, status, audit_status, sales, create_time, update_time
<==        Row: 9, 2, 2, 农夫山泉 东方树叶 茉莉花茶 500ml*15, <<BLOB>>, 45.00, 75.00, 300, 10, 2026-02-10, 365, 2027-02-10, 0, /uploads/2026/07/09/113f1d41772546bbbd5d574a8f1b88a3.png, 农夫山泉股份有限公司, 浙江杭州, SC10633010900100, null, 1, 1, 6700, 2026-04-24 16:25:18, 2026-05-19 17:41:42
<==        Row: 10, 2, 2, 元气森林 白桃气泡水 480ml*12, <<BLOB>>, 49.90, 72.00, 200, 10, 2026-03-01, 270, 2026-11-26, 0, /uploads/2026/07/09/a81826bb791b4c0194ed5e3b0d726d9e.png, 元气森林(北京)食品科技集团, 北京, SC10611010400112, null, 1, 1, 8900, 2026-04-24 16:25:18, 2026-05-19 17:44:12
<==        Row: 11, 2, 2, 三得利 乌龙茶 500ml*18, <<BLOB>>, 55.00, 90.00, 97, 10, 2026-01-15, 365, 2027-01-15, 0, /uploads/2026/07/09/98e3ba80e5cf4951a33eb1a60aa3ed16.png, 三得利(中国)投资有限公司, 上海, SC10631010400123, null, 1, 1, 4203, 2026-04-24 16:25:18, 2026-07-09 15:42:19
<==        Row: 12, 4, 2, 雀巢 速溶咖啡 1+2 微研磨 100条, <<BLOB>>, 59.00, 99.00, 80, 10, 2025-12-01, 540, 2027-05-25, 0, /uploads/2026/07/09/c45879a3e8ea43a38c4bf8fd22c749af.png, 雀巢(中国)有限公司, 广东东莞, SC10644190000134, null, 1, 1, 3400, 2026-04-24 16:25:18, 2026-05-19 17:48:59
<==        Row: 13, 5, 2, 星巴克 即饮咖啡 抹茶拿铁 270ml*6, <<BLOB>>, 38.00, 66.00, 45, 10, 2026-01-20, 180, 2026-07-19, 1, /uploads/2026/07/09/7cd2c1eb21de45fba8a2c4c1005a03ed.png, 星巴克咖啡公司, 美国, SC10611020400145, null, 1, 1, 1560, 2026-04-24 16:25:18, 2026-05-19 17:40:45
<==        Row: 14, 2, 2, 康师傅 冰红茶 500ml*15, <<BLOB>>, 28.00, 45.00, 350, 10, 2026-03-10, 365, 2027-03-10, 0, /uploads/2026/07/09/9b324b9799bd48e0b312db0d2e150555.png, 康师傅控股有限公司, 天津, SC10612010400156, null, 1, 1, 12000, 2026-04-24 16:25:18, 2026-06-30 14:21:33
<==        Row: 15, 4, 2, 立顿 红茶包 100包装, <<BLOB>>, 32.00, 58.00, 90, 10, 2025-09-01, 730, 2027-09-01, 0, /uploads/2026/07/09/aa2dd490352341548ea9ec4e9b5a6479.png, 联合利华(中国)有限公司, 安徽合肥, SC11634010100167, null, 1, 1, 2100, 2026-04-24 16:25:18, 2026-05-19 17:44:12
<==      Total: 7
Closing non transactional SqlSession [org.apache.ibatis.session.defaults.DefaultSqlSession@19fbe027]
Creating a new SqlSession
SqlSession [org.apache.ibatis.session.defaults.DefaultSqlSession@7c42b099] was not registered for synchronization because synchronization is not active
JDBC Connection [HikariProxyConnection@981372398 wrapping com.mysql.cj.jdbc.ConnectionImpl@7f028b35] will not be managed by Spring
==>  Preparing: SELECT id,merchant_id,category_id,name,description,price,original_price,stock,stock_warning,production_date,shelf_life_days,expiry_date,expiry_status,images,manufacturer,origin,license_no,quality_report_imgs,status,audit_status,sales,create_time,update_time FROM product WHERE (category_id = ?)
==> Parameters: 3(Long)
<==    Columns: id, merchant_id, category_id, name, description, price, original_price, stock, stock_warning, production_date, shelf_life_days, expiry_date, expiry_status, images, manufacturer, origin, license_no, quality_report_imgs, status, audit_status, sales, create_time, update_time
<==        Row: 16, 4, 3, 金龙鱼 调和油 5L, <<BLOB>>, 49.90, 79.90, 100, 10, 2026-01-01, 540, 2027-06-25, 0, /uploads/2026/07/09/a77e7db8e680483ab785517545cf2344.png, 益海嘉里金龙鱼粮油食品, 上海, SC10231010400178, null, 1, 1, 2300, 2026-04-24 16:25:18, 2026-05-19 17:40:51
<==        Row: 17, 4, 3, 海天 生抽酱油 1.9L, <<BLOB>>, 12.90, 22.90, 200, 10, 2026-02-15, 720, 2028-02-05, 0, /uploads/2026/07/09/f80df9b05d124674a69f699f1da2d962.png, 佛山市海天调味食品, 广东佛山, SC10344060400189, null, 1, 1, 5600, 2026-04-24 16:25:18, 2026-05-19 17:54:24
<==        Row: 18, 4, 3, 太太乐 鸡精 454g, <<BLOB>>, 11.50, 19.90, 160, 10, 2026-01-20, 540, 2027-07-14, 0, /uploads/2026/07/09/ce21738d34b94e6ebf665495a30d100b.png, 上海太太乐食品有限公司, 上海, SC10331010400190, null, 1, 1, 4100, 2026-04-24 16:25:18, 2026-05-19 17:40:51
<==        Row: 19, 4, 3, 恒顺 镇江香醋 580ml, <<BLOB>>, 8.90, 16.00, 250, 10, 2025-08-01, 1095, 2028-07-31, 0, /uploads/2026/07/09/39b12dfd79f9426493ce500e01666ba9.png, 江苏恒顺醋业股份有限公司, 江苏镇江, SC10332110400201, null, 1, 1, 3800, 2026-04-24 16:25:18, 2026-05-19 17:54:24
<==        Row: 20, 4, 3, 李锦记 蚝油 510g, <<BLOB>>, 10.80, 18.00, 130, 10, 2026-03-05, 540, 2027-08-27, 0, /uploads/2026/07/09/742774c51914414c994db4b42a980343.png, 李锦记(中国)销售有限公司, 广东新会, SC10344070400212, null, 1, 1, 2900, 2026-04-24 16:25:18, 2026-05-19 17:54:24
<==        Row: 21, 4, 3, 福临门 东北大米 10kg, <<BLOB>>, 45.00, 69.90, 80, 10, 2025-10-15, 365, 2026-10-15, 1, /uploads/2026/07/09/acf8f51cc95242fd90b4846445a1f187.png, 中粮福临门食品有限公司, 黑龙江五常, SC10123010100223, null, 1, 1, 1700, 2026-04-24 16:25:18, 2026-05-19 17:40:51
<==        Row: 22, 4, 3, 十三香 调味料 45g, <<BLOB>>, 4.50, 8.00, 400, 10, 2026-02-01, 540, 2027-07-26, 0, /uploads/2026/07/09/77ab0a9260344134bf4f4870ce25ad37.png, 驻马店市王守义十三香集团, 河南驻马店, SC10341170400234, null, 1, 1, 6200, 2026-04-24 16:25:18, 2026-05-19 17:40:51
<==      Total: 7
Closing non transactional SqlSession [org.apache.ibatis.session.defaults.DefaultSqlSession@7c42b099]
Creating a new SqlSession
SqlSession [org.apache.ibatis.session.defaults.DefaultSqlSession@1b8b2213] was not registered for synchronization because synchronization is not active
JDBC Connection [HikariProxyConnection@1923391363 wrapping com.mysql.cj.jdbc.ConnectionImpl@7f028b35] will not be managed by Spring
==>  Preparing: SELECT id,merchant_id,category_id,name,description,price,original_price,stock,stock_warning,production_date,shelf_life_days,expiry_date,expiry_status,images,manufacturer,origin,license_no,quality_report_imgs,status,audit_status,sales,create_time,update_time FROM product WHERE (category_id = ?)
==> Parameters: 4(Long)
<==    Columns: id, merchant_id, category_id, name, description, price, original_price, stock, stock_warning, production_date, shelf_life_days, expiry_date, expiry_status, images, manufacturer, origin, license_no, quality_report_imgs, status, audit_status, sales, create_time, update_time
<==        Row: 23, 3, 4, 康师傅 红烧牛肉面 5连包, <<BLOB>>, 11.50, 20.00, 400, 10, 2026-03-01, 180, 2026-08-28, 1, /uploads/2026/07/09/08d0fdb546d74ef18c9a8c6a81c2ef0b.png, 康师傅控股有限公司, 天津, SC10112010400245, null, 1, 1, 15000, 2026-04-24 16:25:18, 2026-05-19 17:44:12
<==        Row: 24, 3, 4, 统一 老坛酸菜牛肉面 5连包, <<BLOB>>, 11.90, 20.00, 350, 10, 2026-02-15, 180, 2026-08-14, 1, /uploads/2026/07/09/973611b3e14c4aebbf5222ecb044cbe2.png, 统一企业(中国)投资有限公司, 北京, SC10111010400256, null, 1, 1, 12000, 2026-04-24 16:25:18, 2026-05-19 17:45:51
<==        Row: 25, 3, 4, 自嗨锅 麻辣火锅 自热锅, <<BLOB>>, 19.90, 39.90, 100, 10, 2026-01-10, 270, 2026-10-07, 1, /uploads/2026/07/09/a3fe1e294c3c4b89a5c28d498961fd9c.png, 杭州自嗨锅食品科技, 浙江杭州, SC10133010900267, null, 1, 1, 3500, 2026-04-24 16:25:18, 2026-05-19 17:48:59
<==        Row: 26, 5, 4, 日清 合味道 杯面 海鲜味 12杯, <<BLOB>>, 35.00, 60.00, 80, 10, 2026-02-20, 240, 2026-10-18, 0, /uploads/2026/07/09/31f2c033f07b4702a58e6ab816c18d20.png, 日清食品(中国)有限公司, 广东珠海, SC10144040100278, null, 1, 1, 2800, 2026-04-24 16:25:18, 2026-05-19 17:40:57
<==        Row: 27, 1, 4, 螺霸王 螺蛳粉 330g*3, <<BLOB>>, 25.80, 42.00, 200, 10, 2026-03-10, 180, 2026-09-06, 1, /uploads/2026/07/09/f2ae866cf9f34e719c92018c513a99cd.png, 柳州市螺霸王食品, 广西柳州, SC10145020100289, null, 1, 1, 7800, 2026-04-24 16:25:18, 2026-04-24 16:25:18
<==        Row: 28, 3, 4, 阿宽 红油面皮 4连包, <<BLOB>>, 13.90, 24.00, 250, 10, 2026-02-28, 180, 2026-08-27, 1, /uploads/2026/07/09/fd7cefe317a34d229daa6f8493890bd0.png, 四川白家阿宽食品产业, 四川成都, SC10151010400290, null, 1, 1, 4300, 2026-04-24 16:25:18, 2026-05-19 17:40:57
<==        Row: 29, 1, 4, 海底捞 自煮火锅 蔬菜版, <<BLOB>>, 22.00, 42.00, 60, 10, 2026-01-25, 270, 2026-10-22, 0, /uploads/2026/07/09/5a918fa8d5c84e23b5d0abc52338a845.png, 海底捞(四川)食品有限公司, 四川成都, SC10151010400301, null, 1, 1, 5100, 2026-04-24 16:25:18, 2026-05-19 17:40:57
<==        Row: 55, 3, 4, 白象 大骨面 香辣牛骨味 5连包, <<BLOB>>, 9.90, 18.00, 280, 10, 2026-03-05, 180, 2026-09-01, 1, /uploads/2026/07/09/cc2736ae87d6493bb1c0d3f494412ef2.png, 白象食品集团, 河南郑州, SC10141010400567, null, 1, 1, 8900, 2026-04-24 16:25:18, 2026-05-19 17:41:35
<==      Total: 8
Closing non transactional SqlSession [org.apache.ibatis.session.defaults.DefaultSqlSession@1b8b2213]
Creating a new SqlSession
SqlSession [org.apache.ibatis.session.defaults.DefaultSqlSession@37cb890a] was not registered for synchronization because synchronization is not active
JDBC Connection [HikariProxyConnection@1148072710 wrapping com.mysql.cj.jdbc.ConnectionImpl@7f028b35] will not be managed by Spring
==>  Preparing: SELECT id,merchant_id,category_id,name,description,price,original_price,stock,stock_warning,production_date,shelf_life_days,expiry_date,expiry_status,images,manufacturer,origin,license_no,quality_report_imgs,status,audit_status,sales,create_time,update_time FROM product WHERE (category_id = ?)
==> Parameters: 5(Long)
<==    Columns: id, merchant_id, category_id, name, description, price, original_price, stock, stock_warning, production_date, shelf_life_days, expiry_date, expiry_status, images, manufacturer, origin, license_no, quality_report_imgs, status, audit_status, sales, create_time, update_time
<==        Row: 30, 2, 5, 蒙牛 特仑苏 纯牛奶 250ml*12, <<BLOB>>, 49.90, 79.90, 150, 10, 2026-03-15, 180, 2026-09-11, 1, /uploads/2026/05/19/product_30_51425b361ef54d068c104e7cf8ebc87e.jpg, 蒙牛乳业(集团)股份有限公司, 内蒙古呼和浩特, SC10515010100312, null, 1, 1, 9200, 2026-04-24 16:25:18, 2026-05-19 17:40:57
<==        Row: 31, 2, 5, 伊利 安慕希 原味酸奶 205g*12, <<BLOB>>, 45.00, 69.90, 120, 10, 2026-04-01, 150, 2026-08-29, 0, /uploads/2026/07/09/8a0708c4c69a46e0b0e50395837ae1a7.png, 内蒙古伊利实业集团, 内蒙古呼和浩特, SC10515010100323, null, 1, 1, 11000, 2026-04-24 16:25:18, 2026-05-19 17:41:14
<==        Row: 32, 2, 5, 光明 莫斯利安 原味酸奶 200g*12, <<BLOB>>, 39.90, 65.00, 90, 10, 2026-03-20, 150, 2026-08-17, 1, /uploads/2026/07/09/490e7d6596f9493cac1d980d3fefb77e.png, 光明乳业股份有限公司, 上海, SC10531010400334, null, 1, 1, 6500, 2026-04-24 16:25:18, 2026-05-19 17:41:14
<==        Row: 33, 2, 5, 德亚 全脂纯牛奶 200ml*24 德国进口, <<BLOB>>, 59.90, 99.00, 80, 10, 2025-12-15, 365, 2026-12-15, 0, /uploads/2026/05/19/product_33_ea346e2bf2ec407daa5d31141c76873d.jpg, Hochwald Foods GmbH, 德国, SC10500000000345, null, 1, 1, 4300, 2026-04-24 16:25:18, 2026-05-19 17:41:14
<==        Row: 34, 2, 5, 认养一头牛 全脂纯牛奶 250ml*12, <<BLOB>>, 39.00, 59.90, 200, 10, 2026-03-01, 180, 2026-08-28, 1, /uploads/2026/07/09/5ac5ac2bb87049a49fc0364defcbb65c.png, 认养一头牛控股集团, 河北张家口, SC10513010100356, null, 1, 1, 7800, 2026-04-24 16:25:18, 2026-05-19 17:41:14
<==        Row: 54, 2, 5, 君乐宝 简醇 0添加蔗糖酸奶 250g*10, <<BLOB>>, 35.00, 59.90, 55, 10, 2026-03-25, 120, 2026-07-23, 1, /uploads/2026/07/09/756ee40572394d9988e42004389b6f1a.png, 石家庄君乐宝乳业有限公司, 河北石家庄, SC10513010100556, null, 1, 1, 3200, 2026-04-24 16:25:18, 2026-05-19 17:44:19
<==      Total: 6
Closing non transactional SqlSession [org.apache.ibatis.session.defaults.DefaultSqlSession@37cb890a]
Creating a new SqlSession
SqlSession [org.apache.ibatis.session.defaults.DefaultSqlSession@4f067a8c] was not registered for synchronization because synchronization is not active
JDBC Connection [HikariProxyConnection@254123791 wrapping com.mysql.cj.jdbc.ConnectionImpl@7f028b35] will not be managed by Spring
==>  Preparing: SELECT id,merchant_id,category_id,name,description,price,original_price,stock,stock_warning,production_date,shelf_life_days,expiry_date,expiry_status,images,manufacturer,origin,license_no,quality_report_imgs,status,audit_status,sales,create_time,update_time FROM product WHERE (category_id = ?)
==> Parameters: 6(Long)
<==    Columns: id, merchant_id, category_id, name, description, price, original_price, stock, stock_warning, production_date, shelf_life_days, expiry_date, expiry_status, images, manufacturer, origin, license_no, quality_report_imgs, status, audit_status, sales, create_time, update_time
<==        Row: 35, 1, 6, 奥利奥 夹心饼干 原味 388g, <<BLOB>>, 12.90, 22.00, 300, 10, 2026-02-10, 365, 2027-02-10, 0, /uploads/2026/07/09/d60e75c55d51445e8bd9b938961e7300.png, 亿滋食品(中国)有限公司, 北京, SC10411010400367, null, 1, 1, 8900, 2026-04-24 16:25:18, 2026-05-19 17:41:14
<==        Row: 36, 3, 6, 达利园 蛋黄派 600g, <<BLOB>>, 14.50, 28.00, 200, 10, 2026-03-05, 270, 2026-11-30, 0, /uploads/2026/07/09/19b9e21d9af249eeaa93ef46969ec1d9.png, 达利食品集团有限公司, 福建泉州, SC10435050100378, null, 1, 1, 5400, 2026-04-24 16:25:18, 2026-05-19 17:41:24
<==        Row: 37, 5, 6, Pocky 百奇 巧克力味 55g*10, <<BLOB>>, 29.90, 50.00, 100, 10, 2026-01-20, 365, 2027-01-20, 0, /uploads/2026/07/09/defb3be9e62548a580b3208378d2c9b6.png, 江崎格力高(上海)食品, 上海, SC10431010400389, null, 1, 1, 3200, 2026-04-24 16:25:18, 2026-05-19 17:44:12
<==        Row: 38, 1, 6, 稻香村 糕点礼盒 1500g, <<BLOB>>, 68.00, 128.00, 40, 10, 2026-01-01, 180, 2026-06-30, 2, /uploads/2026/07/09/5a97ae97e28e417595b0288f55d20f8b.png, 北京稻香村食品有限公司, 北京, SC10411010400390, null, 1, 1, 1200, 2026-04-24 16:25:18, 2026-05-19 17:41:24
<==        Row: 39, 3, 6, 好丽友 派 巧克力味 12枚, <<BLOB>>, 18.80, 32.00, 250, 10, 2026-02-28, 270, 2026-11-25, 0, /uploads/2026/07/09/43e49884b9804dab858dd02b97b29647.png, 好丽友食品有限公司, 上海, SC10431010400401, null, 1, 1, 6100, 2026-04-24 16:25:18, 2026-05-19 17:41:24
<==        Row: 40, 1, 6, 嘉士利 早餐饼干 800g, <<BLOB>>, 15.90, 29.90, 180, 10, 2026-03-10, 365, 2027-03-10, 0, /uploads/2026/07/09/318dd05773aa4a4f97ff04956d202509.png, 广东嘉士利食品集团, 广东开平, SC10444070400412, null, 1, 1, 2700, 2026-04-24 16:25:18, 2026-05-19 17:44:19
<==        Row: 56, 1, 6, 桃李 醇熟切片吐司 400g, <<BLOB>>, 8.50, 14.90, 40, 10, 2026-04-15, 30, 2026-05-15, 2, /uploads/2026/07/09/fd1e0f1a20eb4790a37e472dd266d7a8.png, 桃李面包股份有限公司, 辽宁沈阳, SC10421010100578, null, 1, 1, 980, 2026-04-24 16:25:18, 2026-05-19 17:44:19
<==      Total: 7
Closing non transactional SqlSession [org.apache.ibatis.session.defaults.DefaultSqlSession@4f067a8c]
Creating a new SqlSession
SqlSession [org.apache.ibatis.session.defaults.DefaultSqlSession@2676414b] was not registered for synchronization because synchronization is not active
JDBC Connection [HikariProxyConnection@1515756819 wrapping com.mysql.cj.jdbc.ConnectionImpl@7f028b35] will not be managed by Spring
==>  Preparing: SELECT id,merchant_id,category_id,name,description,price,original_price,stock,stock_warning,production_date,shelf_life_days,expiry_date,expiry_status,images,manufacturer,origin,license_no,quality_report_imgs,status,audit_status,sales,create_time,update_time FROM product WHERE (category_id = ?)
==> Parameters: 7(Long)
<==    Columns: id, merchant_id, category_id, name, description, price, original_price, stock, stock_warning, production_date, shelf_life_days, expiry_date, expiry_status, images, manufacturer, origin, license_no, quality_report_imgs, status, audit_status, sales, create_time, update_time
<==        Row: 41, 5, 7, 费列罗 榛果威化巧克力 30粒, <<BLOB>>, 75.00, 138.00, 60, 10, 2026-01-15, 300, 2026-11-11, 0, /uploads/2026/07/09/ea28b12ea0e34c87909aa71f35126058.png, 费列罗贸易(上海)有限公司, 意大利, SC10500000000423, null, 1, 1, 4500, 2026-04-24 16:25:18, 2026-05-19 17:41:24
<==        Row: 42, 5, 7, 德芙 丝滑牛奶巧克力 252g, <<BLOB>>, 32.00, 55.00, 150, 10, 2026-02-14, 365, 2027-02-14, 0, /uploads/2026/07/09/cef804ad97c841cf8587e95e8ad8fc00.png, 玛氏食品(中国)有限公司, 北京, SC10411010400434, null, 1, 1, 7600, 2026-04-24 16:25:18, 2026-05-19 17:44:19
<==        Row: 43, 3, 7, 徐福记 沙琪玛 470g, <<BLOB>>, 13.90, 25.00, 200, 10, 2026-03-01, 270, 2026-11-26, 0, /uploads/2026/07/09/b33a5a18b1a54e74949519fe10bd5a38.png, 东莞徐记食品有限公司, 广东东莞, SC10444190000445, null, 1, 1, 5300, 2026-04-24 16:25:18, 2026-05-19 17:45:51
<==        Row: 44, 5, 7, 明治 巧克力 特纯黑巧 75%可可, <<BLOB>>, 18.00, 35.00, 70, 10, 2026-01-10, 365, 2027-01-10, 0, /uploads/2026/07/09/87fd3035a566437ca732a050617e6ace.png, 明治(中国)投资有限公司, 日本, SC10500000000456, null, 1, 1, 2100, 2026-04-24 16:25:18, 2026-05-19 17:48:59
<==        Row: 45, 3, 7, 不二家 棒棒糖 混合口味 40支, <<BLOB>>, 22.00, 40.00, 90, 10, 2025-11-20, 365, 2026-11-20, 0, /uploads/2026/07/09/a5e07355f3934e0b9ca1314332718988.png, 不二家(杭州)食品有限公司, 浙江杭州, SC10633010900467, null, 1, 1, 3800, 2026-04-24 16:25:18, 2026-05-19 17:54:24
<==        Row: 46, 1, 7, 阿尔卑斯 太妃糖 200g, <<BLOB>>, 9.90, 18.00, 350, 10, 2026-02-20, 540, 2027-08-14, 0, /uploads/2026/07/09/511ccc71a3534445bc66744548231c0f.png, 不凡帝范梅勒糖果(中国), 上海, SC10431010400478, null, 1, 1, 4200, 2026-04-24 16:25:18, 2026-05-19 17:54:35
<==      Total: 6
Closing non transactional SqlSession [org.apache.ibatis.session.defaults.DefaultSqlSession@2676414b]
Creating a new SqlSession
SqlSession [org.apache.ibatis.session.defaults.DefaultSqlSession@70968171] was not registered for synchronization because synchronization is not active
JDBC Connection [HikariProxyConnection@1694427697 wrapping com.mysql.cj.jdbc.ConnectionImpl@7f028b35] will not be managed by Spring
==>  Preparing: SELECT id,merchant_id,category_id,name,description,price,original_price,stock,stock_warning,production_date,shelf_life_days,expiry_date,expiry_status,images,manufacturer,origin,license_no,quality_report_imgs,status,audit_status,sales,create_time,update_time FROM product WHERE (category_id = ?)
==> Parameters: 8(Long)
<==    Columns: id, merchant_id, category_id, name, description, price, original_price, stock, stock_warning, production_date, shelf_life_days, expiry_date, expiry_status, images, manufacturer, origin, license_no, quality_report_imgs, status, audit_status, sales, create_time, update_time
<==        Row: 47, 5, 8, 韩国 农心 辛拉面 5连包, <<BLOB>>, 22.00, 38.00, 120, 10, 2026-02-15, 365, 2027-02-15, 0, /uploads/2026/07/09/03a944e76bd945608ce2a22214518315.png, 农心(上海)食品有限公司, 韩国, SC10500000000489, null, 1, 1, 6700, 2026-04-24 16:25:18, 2026-05-19 17:41:24
<==        Row: 48, 5, 8, 日本 格力高 百醇 注心饼干 48g*6, <<BLOB>>, 35.00, 60.00, 80, 10, 2026-01-25, 300, 2026-11-21, 0, /uploads/2026/07/09/a7481caef5e4469da6540d44b1c5057a.png, 江崎格力高(上海)食品, 日本, SC10431010400490, null, 1, 1, 2900, 2026-04-24 16:25:18, 2026-05-19 17:54:35
<==        Row: 49, 5, 8, 泰国 皇家金枕 榴莲干 300g, <<BLOB>>, 58.00, 98.00, 50, 10, 2026-02-01, 365, 2027-02-01, 0, /uploads/2026/07/09/35cc305da12444e68cd59e39c0d58c55.png, Thai Royal Orchid, 泰国, SC10500000000501, null, 1, 1, 3400, 2026-04-24 16:25:18, 2026-05-19 17:41:35
<==        Row: 50, 5, 8, 越南 G7 三合一速溶咖啡 50条, <<BLOB>>, 39.00, 68.00, 100, 10, 2025-12-10, 730, 2027-12-10, 0, /uploads/2026/07/09/876cc30b93e543b099a2a2a7ad77f6aa.png, 中原G7咖啡集团, 越南, SC10500000000512, null, 1, 1, 5100, 2026-04-24 16:25:18, 2026-05-19 17:44:19
<==        Row: 51, 5, 8, 澳洲 TimTam 巧克力饼干 200g, <<BLOB>>, 25.00, 45.00, 60, 10, 2026-03-01, 365, 2027-03-01, 0, /uploads/2026/07/09/ea872eb5a5534407b3db0934dc22498a.png, Arnott's Biscuits, 澳大利亚, SC10500000000523, null, 1, 1, 1800, 2026-04-24 16:25:18, 2026-05-19 17:41:35
<==        Row: 52, 5, 8, 意大利 Barilla 百味来 意面 500g, <<BLOB>>, 15.00, 28.00, 150, 10, 2025-06-01, 1095, 2028-05-31, 0, /uploads/2026/07/09/feefe6809ac94225b1ed1349dd9c53dc.png, Barilla G. e R. Fratelli, 意大利, SC10500000000534, null, 1, 1, 2300, 2026-04-24 16:25:18, 2026-05-19 17:54:35
<==      Total: 6
Closing non transactional SqlSession [org.apache.ibatis.session.defaults.DefaultSqlSession@70968171]
Creating a new SqlSession
SqlSession [org.apache.ibatis.session.defaults.DefaultSqlSession@7206b1cd] was not registered for synchronization because synchronization is not active
JDBC Connection [HikariProxyConnection@1631216350 wrapping com.mysql.cj.jdbc.ConnectionImpl@7f028b35] will not be managed by Spring
==>  Preparing: SELECT id,merchant_id,category_id,name,description,price,original_price,stock,stock_warning,production_date,shelf_life_days,expiry_date,expiry_status,images,manufacturer,origin,license_no,quality_report_imgs,status,audit_status,sales,create_time,update_time FROM product ORDER BY sales DESC LIMIT 10
==> Parameters: 
<==    Columns: id, merchant_id, category_id, name, description, price, original_price, stock, stock_warning, production_date, shelf_life_days, expiry_date, expiry_status, images, manufacturer, origin, license_no, quality_report_imgs, status, audit_status, sales, create_time, update_time
<==        Row: 23, 3, 4, 康师傅 红烧牛肉面 5连包, <<BLOB>>, 11.50, 20.00, 400, 10, 2026-03-01, 180, 2026-08-28, 1, /uploads/2026/07/09/08d0fdb546d74ef18c9a8c6a81c2ef0b.png, 康师傅控股有限公司, 天津, SC10112010400245, null, 1, 1, 15000, 2026-04-24 16:25:18, 2026-05-19 17:44:12
<==        Row: 14, 2, 2, 康师傅 冰红茶 500ml*15, <<BLOB>>, 28.00, 45.00, 350, 10, 2026-03-10, 365, 2027-03-10, 0, /uploads/2026/07/09/9b324b9799bd48e0b312db0d2e150555.png, 康师傅控股有限公司, 天津, SC10612010400156, null, 1, 1, 12000, 2026-04-24 16:25:18, 2026-06-30 14:21:33
<==        Row: 24, 3, 4, 统一 老坛酸菜牛肉面 5连包, <<BLOB>>, 11.90, 20.00, 350, 10, 2026-02-15, 180, 2026-08-14, 1, /uploads/2026/07/09/973611b3e14c4aebbf5222ecb044cbe2.png, 统一企业(中国)投资有限公司, 北京, SC10111010400256, null, 1, 1, 12000, 2026-04-24 16:25:18, 2026-05-19 17:45:51
<==        Row: 31, 2, 5, 伊利 安慕希 原味酸奶 205g*12, <<BLOB>>, 45.00, 69.90, 120, 10, 2026-04-01, 150, 2026-08-29, 0, /uploads/2026/07/09/8a0708c4c69a46e0b0e50395837ae1a7.png, 内蒙古伊利实业集团, 内蒙古呼和浩特, SC10515010100323, null, 1, 1, 11000, 2026-04-24 16:25:18, 2026-05-19 17:41:14
<==        Row: 30, 2, 5, 蒙牛 特仑苏 纯牛奶 250ml*12, <<BLOB>>, 49.90, 79.90, 150, 10, 2026-03-15, 180, 2026-09-11, 1, /uploads/2026/05/19/product_30_51425b361ef54d068c104e7cf8ebc87e.jpg, 蒙牛乳业(集团)股份有限公司, 内蒙古呼和浩特, SC10515010100312, null, 1, 1, 9200, 2026-04-24 16:25:18, 2026-05-19 17:40:57
<==        Row: 10, 2, 2, 元气森林 白桃气泡水 480ml*12, <<BLOB>>, 49.90, 72.00, 200, 10, 2026-03-01, 270, 2026-11-26, 0, /uploads/2026/07/09/a81826bb791b4c0194ed5e3b0d726d9e.png, 元气森林(北京)食品科技集团, 北京, SC10611010400112, null, 1, 1, 8900, 2026-04-24 16:25:18, 2026-05-19 17:44:12
<==        Row: 35, 1, 6, 奥利奥 夹心饼干 原味 388g, <<BLOB>>, 12.90, 22.00, 300, 10, 2026-02-10, 365, 2027-02-10, 0, /uploads/2026/07/09/d60e75c55d51445e8bd9b938961e7300.png, 亿滋食品(中国)有限公司, 北京, SC10411010400367, null, 1, 1, 8900, 2026-04-24 16:25:18, 2026-05-19 17:41:14
<==        Row: 55, 3, 4, 白象 大骨面 香辣牛骨味 5连包, <<BLOB>>, 9.90, 18.00, 280, 10, 2026-03-05, 180, 2026-09-01, 1, /uploads/2026/07/09/cc2736ae87d6493bb1c0d3f494412ef2.png, 白象食品集团, 河南郑州, SC10141010400567, null, 1, 1, 8900, 2026-04-24 16:25:18, 2026-05-19 17:41:35
<==        Row: 34, 2, 5, 认养一头牛 全脂纯牛奶 250ml*12, <<BLOB>>, 39.00, 59.90, 200, 10, 2026-03-01, 180, 2026-08-28, 1, /uploads/2026/07/09/5ac5ac2bb87049a49fc0364defcbb65c.png, 认养一头牛控股集团, 河北张家口, SC10513010100356, null, 1, 1, 7800, 2026-04-24 16:25:18, 2026-05-19 17:41:14
<==        Row: 27, 1, 4, 螺霸王 螺蛳粉 330g*3, <<BLOB>>, 25.80, 42.00, 200, 10, 2026-03-10, 180, 2026-09-06, 1, /uploads/2026/07/09/f2ae866cf9f34e719c92018c513a99cd.png, 柳州市螺霸王食品, 广西柳州, SC10145020100289, null, 1, 1, 7800, 2026-04-24 16:25:18, 2026-04-24 16:25:18
<==      Total: 10
Closing non transactional SqlSession [org.apache.ibatis.session.defaults.DefaultSqlSession@7206b1cd]
Creating a new SqlSession
SqlSession [org.apache.ibatis.session.defaults.DefaultSqlSession@724dbae1] was not registered for synchronization because synchronization is not active
JDBC Connection [HikariProxyConnection@774197215 wrapping com.mysql.cj.jdbc.ConnectionImpl@7f028b35] will not be managed by Spring
==>  Preparing: SELECT COUNT(*) AS total FROM user
==> Parameters: 
<==    Columns: total
<==        Row: 22
<==      Total: 1
==>  Preparing: SELECT id,username,password,nickname,phone,email,avatar,status,create_time,update_time FROM user ORDER BY create_time DESC LIMIT ?
==> Parameters: 10(Long)
<==    Columns: id, username, password, nickname, phone, email, avatar, status, create_time, update_time
<==        Row: 62, cxl, dd4b21e9ef71e1291183a46b913ae6f2, cxl, 15691450197, null, null, 1, 2026-07-09 14:24:55, 2026-07-09 14:24:55
<==        Row: 61, cici, e10adc3949ba59abbe56e057f20f883e, 喜喜, 19999999999, , /uploads/2026/05/15/e7a185dde7d647c3afdb8db3011c9d4f.jpg, 1, 2026-04-24 16:47:23, 2026-04-24 16:47:23
<==        Row: 41, zhangsan, e10adc3949ba59abbe56e057f20f883e, 张三, 13800001001, zhangsan@qq.com, null, 1, 2026-04-24 16:25:18, 2026-04-24 16:25:18
<==        Row: 42, lisi, e10adc3949ba59abbe56e057f20f883e, 李四, 13800001002, lisi@qq.com, null, 1, 2026-04-24 16:25:18, 2026-04-24 16:25:18
<==        Row: 43, wangwu, e10adc3949ba59abbe56e057f20f883e, 王五, 13800001003, wangwu@qq.com, null, 1, 2026-04-24 16:25:18, 2026-04-24 16:25:18
<==        Row: 44, zhaoliu, e10adc3949ba59abbe56e057f20f883e, 赵六, 13800001004, zhaoliu@qq.com, null, 1, 2026-04-24 16:25:18, 2026-04-24 16:25:18
<==        Row: 45, sunqi, e10adc3949ba59abbe56e057f20f883e, 孙七, 13800001005, sunqi@163.com, null, 1, 2026-04-24 16:25:18, 2026-04-24 16:25:18
<==        Row: 46, zhouba, e10adc3949ba59abbe56e057f20f883e, 周八, 13800001006, zhouba@163.com, null, 1, 2026-04-24 16:25:18, 2026-04-24 16:25:18
<==        Row: 47, wujiu, e10adc3949ba59abbe56e057f20f883e, 吴九, 13800001007, wujiu@163.com, null, 1, 2026-04-24 16:25:18, 2026-04-24 16:25:18
<==        Row: 48, zhengshi, e10adc3949ba59abbe56e057f20f883e, 郑十, 13800001008, zhengshi@gmail.com, null, 1, 2026-04-24 16:25:18, 2026-04-24 16:25:18
<==      Total: 10
Closing non transactional SqlSession [org.apache.ibatis.session.defaults.DefaultSqlSession@724dbae1]
Creating a new SqlSession
SqlSession [org.apache.ibatis.session.defaults.DefaultSqlSession@67fbadbb] was not registered for synchronization because synchronization is not active
JDBC Connection [HikariProxyConnection@661655554 wrapping com.mysql.cj.jdbc.ConnectionImpl@7f028b35] will not be managed by Spring
==>  Preparing: SELECT COUNT(*) AS total FROM merchant
==> Parameters: 
<==    Columns: total
<==        Row: 7
<==      Total: 1
==>  Preparing: SELECT id,username,password,shop_name,shop_logo,contact,phone,email,description,license_img,status,audit_status,create_time,update_time FROM merchant ORDER BY create_time DESC LIMIT ?
==> Parameters: 10(Long)
<==    Columns: id, username, password, shop_name, shop_logo, contact, phone, email, description, license_img, status, audit_status, create_time, update_time
<==        Row: 7, admin, 0192023a7bbd73250516f069df18b500, 蜜雪冰城, null, cxl, 15691450197, null, <<BLOB>>, null, 1, 1, 2026-07-09 14:33:46, 2026-07-09 14:33:46
<==        Row: 6, xixi, e10adc3949ba59abbe56e057f20f883e, xixi, null, xixi, 123456, null, <<BLOB>>, null, 1, 1, 2026-04-24 17:03:22, 2026-04-24 17:03:22
<==        Row: 1, shop_yummy, e10adc3949ba59abbe56e057f20f883e, 美味优选食品店, null, 王经理, 13900001001, yummy@shop.com, <<BLOB>>, null, 1, 1, 2026-04-24 16:25:18, 2026-04-24 16:25:18
<==        Row: 2, shop_fresh, e10adc3949ba59abbe56e057f20f883e, 新鲜日记, null, 李店长, 13900001002, fresh@shop.com, <<BLOB>>, null, 1, 1, 2026-04-24 16:25:18, 2026-04-24 16:25:18
<==        Row: 3, shop_happy, e10adc3949ba59abbe56e057f20f883e, 开心零食铺, null, 张老板, 13900001003, happy@shop.com, <<BLOB>>, null, 1, 1, 2026-04-24 16:25:18, 2026-04-24 16:25:18
<==        Row: 4, shop_grain, e10adc3949ba59abbe56e057f20f883e, 五谷粮油坊, null, 陈师傅, 13900001004, grain@shop.com, <<BLOB>>, null, 1, 1, 2026-04-24 16:25:18, 2026-04-24 16:25:18
<==        Row: 5, shop_import, e10adc3949ba59abbe56e057f20f883e, 环球进口食品, null, 刘总, 13900001005, import@shop.com, <<BLOB>>, null, 1, 1, 2026-04-24 16:25:18, 2026-04-24 16:25:18
<==      Total: 7
Closing non transactional SqlSession [org.apache.ibatis.session.defaults.DefaultSqlSession@67fbadbb]
Creating a new SqlSession
SqlSession [org.apache.ibatis.session.defaults.DefaultSqlSession@2967effa] was not registered for synchronization because synchronization is not active
JDBC Connection [HikariProxyConnection@1972012987 wrapping com.mysql.cj.jdbc.ConnectionImpl@7f028b35] will not be managed by Spring
==>  Preparing: SELECT COUNT(*) AS total FROM user
==> Parameters: 
<==    Columns: total
<==        Row: 22
<==      Total: 1
==>  Preparing: SELECT id,username,password,nickname,phone,email,avatar,status,create_time,update_time FROM user ORDER BY create_time DESC LIMIT ?
==> Parameters: 10(Long)
<==    Columns: id, username, password, nickname, phone, email, avatar, status, create_time, update_time
<==        Row: 62, cxl, dd4b21e9ef71e1291183a46b913ae6f2, cxl, 15691450197, null, null, 1, 2026-07-09 14:24:55, 2026-07-09 14:24:55
<==        Row: 61, cici, e10adc3949ba59abbe56e057f20f883e, 喜喜, 19999999999, , /uploads/2026/05/15/e7a185dde7d647c3afdb8db3011c9d4f.jpg, 1, 2026-04-24 16:47:23, 2026-04-24 16:47:23
<==        Row: 41, zhangsan, e10adc3949ba59abbe56e057f20f883e, 张三, 13800001001, zhangsan@qq.com, null, 1, 2026-04-24 16:25:18, 2026-04-24 16:25:18
<==        Row: 42, lisi, e10adc3949ba59abbe56e057f20f883e, 李四, 13800001002, lisi@qq.com, null, 1, 2026-04-24 16:25:18, 2026-04-24 16:25:18
<==        Row: 43, wangwu, e10adc3949ba59abbe56e057f20f883e, 王五, 13800001003, wangwu@qq.com, null, 1, 2026-04-24 16:25:18, 2026-04-24 16:25:18
<==        Row: 44, zhaoliu, e10adc3949ba59abbe56e057f20f883e, 赵六, 13800001004, zhaoliu@qq.com, null, 1, 2026-04-24 16:25:18, 2026-04-24 16:25:18
<==        Row: 45, sunqi, e10adc3949ba59abbe56e057f20f883e, 孙七, 13800001005, sunqi@163.com, null, 1, 2026-04-24 16:25:18, 2026-04-24 16:25:18
<==        Row: 46, zhouba, e10adc3949ba59abbe56e057f20f883e, 周八, 13800001006, zhouba@163.com, null, 1, 2026-04-24 16:25:18, 2026-04-24 16:25:18
<==        Row: 47, wujiu, e10adc3949ba59abbe56e057f20f883e, 吴九, 13800001007, wujiu@163.com, null, 1, 2026-04-24 16:25:18, 2026-04-24 16:25:18
<==        Row: 48, zhengshi, e10adc3949ba59abbe56e057f20f883e, 郑十, 13800001008, zhengshi@gmail.com, null, 1, 2026-04-24 16:25:18, 2026-04-24 16:25:18
<==      Total: 10
Closing non transactional SqlSession [org.apache.ibatis.session.defaults.DefaultSqlSession@2967effa]
Creating a new SqlSession
SqlSession [org.apache.ibatis.session.defaults.DefaultSqlSession@6f9fc88a] was not registered for synchronization because synchronization is not active
JDBC Connection [HikariProxyConnection@428271869 wrapping com.mysql.cj.jdbc.ConnectionImpl@7f028b35] will not be managed by Spring
==>  Preparing: SELECT COUNT( * ) AS total FROM user
==> Parameters: 
<==    Columns: total
<==        Row: 22
<==      Total: 1
Closing non transactional SqlSession [org.apache.ibatis.session.defaults.DefaultSqlSession@6f9fc88a]
Creating a new SqlSession
SqlSession [org.apache.ibatis.session.defaults.DefaultSqlSession@5e1908ff] was not registered for synchronization because synchronization is not active
JDBC Connection [HikariProxyConnection@1330855982 wrapping com.mysql.cj.jdbc.ConnectionImpl@7f028b35] will not be managed by Spring
==>  Preparing: SELECT COUNT( * ) AS total FROM merchant
==> Parameters: 
<==    Columns: total
<==        Row: 7
<==      Total: 1
Closing non transactional SqlSession [org.apache.ibatis.session.defaults.DefaultSqlSession@5e1908ff]
Creating a new SqlSession
SqlSession [org.apache.ibatis.session.defaults.DefaultSqlSession@3312b372] was not registered for synchronization because synchronization is not active
JDBC Connection [HikariProxyConnection@635046687 wrapping com.mysql.cj.jdbc.ConnectionImpl@7f028b35] will not be managed by Spring
==>  Preparing: SELECT COUNT( * ) AS total FROM product
==> Parameters: 
<==    Columns: total
<==        Row: 56
<==      Total: 1
Closing non transactional SqlSession [org.apache.ibatis.session.defaults.DefaultSqlSession@3312b372]
Creating a new SqlSession
SqlSession [org.apache.ibatis.session.defaults.DefaultSqlSession@75a54ec8] was not registered for synchronization because synchronization is not active
JDBC Connection [HikariProxyConnection@1393224237 wrapping com.mysql.cj.jdbc.ConnectionImpl@7f028b35] will not be managed by Spring
==>  Preparing: SELECT COUNT( * ) AS total FROM orders
==> Parameters: 
<==    Columns: total
<==        Row: 44
<==      Total: 1
Closing non transactional SqlSession [org.apache.ibatis.session.defaults.DefaultSqlSession@75a54ec8]
Creating a new SqlSession
SqlSession [org.apache.ibatis.session.defaults.DefaultSqlSession@3d568868] was not registered for synchronization because synchronization is not active
JDBC Connection [HikariProxyConnection@1658475012 wrapping com.mysql.cj.jdbc.ConnectionImpl@7f028b35] will not be managed by Spring
==>  Preparing: SELECT id,order_no,user_id,merchant_id,total_amount,pay_status,order_status,receiver_name,receiver_phone,receiver_address,express_company,express_no,logistics_status,remark,pay_time,ship_time,receive_time,create_time,update_time FROM orders WHERE (order_status >= ? AND order_status <> ?)
==> Parameters: 1(Integer), 4(Integer)
<==    Columns: id, order_no, user_id, merchant_id, total_amount, pay_status, order_status, receiver_name, receiver_phone, receiver_address, express_company, express_no, logistics_status, remark, pay_time, ship_time, receive_time, create_time, update_time
<==        Row: 1, ORD20260401001, 1, 1, 79.80, 1, 3, 张三, 13800001001, 北京市朝阳区建国路88号, 顺丰速运, SF1234567890, 3, null, 2026-04-01 10:30:00, 2026-04-02 09:00:00, 2026-04-04 14:00:00, 2026-04-01 10:00:00, 2026-04-24 16:25:18
<==        Row: 2, ORD20260401002, 2, 2, 94.90, 1, 3, 李四, 13800001002, 上海市浦东新区陆家嘴, 中通快递, ZT9876543210, 3, 请尽快发货, 2026-04-01 14:20:00, 2026-04-02 10:00:00, 2026-04-05 11:00:00, 2026-04-01 14:00:00, 2026-04-24 16:25:18
<==        Row: 3, ORD20260402001, 3, 3, 47.40, 1, 3, 王五, 13800001003, 广州市天河区天河路385号, 韵达快递, YD5678901234, 3, null, 2026-04-02 09:10:00, 2026-04-03 08:00:00, 2026-04-06 16:00:00, 2026-04-02 09:00:00, 2026-04-24 16:25:18
<==        Row: 4, ORD20260402002, 1, 4, 62.80, 1, 3, 张三, 13800001001, 北京市海淀区中关村大街1号, 圆通速递, YT3456789012, 3, null, 2026-04-02 16:30:00, 2026-04-03 09:00:00, 2026-04-05 10:00:00, 2026-04-02 16:00:00, 2026-04-24 16:25:18
<==        Row: 5, ORD20260403001, 5, 5, 97.00, 1, 3, 孙七, 13800001005, 南京市鼓楼区中山路18号, 申通快递, ST6789012345, 3, null, 2026-04-03 11:20:00, 2026-04-04 08:00:00, 2026-04-07 15:00:00, 2026-04-03 11:00:00, 2026-04-24 16:25:18
<==        Row: 6, ORD20260405001, 4, 1, 39.90, 1, 3, 赵六, 13800001004, 杭州市西湖区文三路90号, 极兔速递, JT1122334455, 3, null, 2026-04-05 13:15:00, 2026-04-06 09:00:00, 2026-04-08 12:00:00, 2026-04-05 13:00:00, 2026-04-24 16:25:18
<==        Row: 7, ORD20260406001, 6, 2, 89.90, 1, 3, 周八, 13800001006, 成都市锦江区春熙路, 京东物流, JD7788990011, 3, null, 2026-04-06 10:45:00, 2026-04-07 08:00:00, 2026-04-09 17:00:00, 2026-04-06 10:30:00, 2026-04-24 16:25:18
<==        Row: 8, ORD20260407001, 7, 3, 25.80, 1, 3, 吴九, 13800001007, 武汉市武昌区中南路99号, 顺丰速运, SF2233445566, 3, 注意保鲜, 2026-04-07 15:30:00, 2026-04-08 09:00:00, 2026-04-10 11:00:00, 2026-04-07 15:00:00, 2026-04-24 16:25:18
<==        Row: 9, ORD20260420001, 1, 1, 59.70, 1, 2, 张三, 13800001001, 北京市朝阳区建国路88号, 顺丰速运, SF3344556677, 2, null, 2026-04-20 09:30:00, 2026-04-21 08:00:00, null, 2026-04-20 09:00:00, 2026-04-24 16:25:18
<==        Row: 10, ORD20260420002, 2, 3, 37.60, 1, 2, 李四, 13800001002, 上海市浦东新区陆家嘴, 中通快递, ZT4455667788, 1, null, 2026-04-20 14:20:00, 2026-04-21 10:00:00, null, 2026-04-20 14:00:00, 2026-04-24 16:25:18
<==        Row: 11, ORD20260421001, 3, 5, 75.00, 1, 2, 王五, 13800001003, 广州市天河区天河路385号, 韵达快递, YD5566778899, 2, null, 2026-04-21 11:10:00, 2026-04-22 08:00:00, null, 2026-04-21 11:00:00, 2026-04-24 16:25:18
<==        Row: 12, ORD20260421002, 9, 2, 49.90, 1, 2, 小明, 13800001009, 青岛市市南区香港中路61号, 圆通速递, YT6677889900, 1, null, 2026-04-21 16:30:00, 2026-04-22 09:00:00, null, 2026-04-21 16:00:00, 2026-04-24 16:25:18
<==        Row: 13, ORD20260423001, 4, 4, 49.90, 1, 1, 赵六, 13800001004, 杭州市西湖区文三路90号, null, null, 0, null, 2026-04-23 09:20:00, null, null, 2026-04-23 09:00:00, 2026-04-24 16:25:18
<==        Row: 14, ORD20260423002, 5, 1, 119.70, 1, 1, 孙七, 13800001005, 南京市鼓楼区中山路18号, null, null, 0, 发顺丰, 2026-04-23 10:45:00, null, null, 2026-04-23 10:30:00, 2026-04-24 16:25:18
<==        Row: 15, ORD20260423003, 10, 2, 45.00, 1, 1, 小红, 13800001010, 天津市和平区南京路189号, null, null, 0, null, 2026-04-23 14:20:00, null, null, 2026-04-23 14:00:00, 2026-04-24 16:25:18
<==        Row: 16, ORD20260424001, 8, 3, 33.40, 1, 1, 郑十, 13800001008, 厦门市思明区中山路128号, null, null, 0, null, 2026-04-24 08:30:00, null, null, 2026-04-24 08:00:00, 2026-04-24 16:25:18
<==        Row: 23, ORD20260315001, 1, 3, 12.80, 1, 3, 张三, 13800001001, 北京市朝阳区建国路88号, 中通快递, ZT1111222233, 3, null, 2026-03-15 10:00:00, 2026-03-16 08:00:00, 2026-03-19 14:00:00, 2026-03-15 09:30:00, 2026-04-24 16:25:18
<==        Row: 24, ORD20260316001, 2, 5, 75.00, 1, 3, 李四, 13800001002, 上海市浦东新区陆家嘴, 顺丰速运, SF4444555566, 3, null, 2026-03-16 14:00:00, 2026-03-17 09:00:00, 2026-03-20 11:00:00, 2026-03-16 13:30:00, 2026-04-24 16:25:18
<==        Row: 25, ORD20260318001, 5, 2, 45.00, 1, 3, 孙七, 13800001005, 南京市鼓楼区中山路18号, 韵达快递, YD7777888899, 3, null, 2026-03-18 09:00:00, 2026-03-19 08:00:00, 2026-03-22 16:00:00, 2026-03-18 08:30:00, 2026-04-24 16:25:18
<==        Row: 26, ORD20260320001, 9, 1, 19.90, 1, 3, 小明, 13800001009, 青岛市市南区香港中路61号, 申通快递, ST0000111122, 3, null, 2026-03-20 16:00:00, 2026-03-21 09:00:00, 2026-03-24 12:00:00, 2026-03-20 15:30:00, 2026-04-24 16:25:18
<==        Row: 27, ORD20260322001, 10, 4, 12.90, 1, 3, 小红, 13800001010, 天津市和平区南京路189号, 极兔速递, JT3333444455, 3, null, 2026-03-22 11:00:00, 2026-03-23 08:00:00, 2026-03-26 15:00:00, 2026-03-22 10:30:00, 2026-04-24 16:25:18
<==        Row: 28, ORD20260325001, 3, 2, 49.90, 1, 3, 王五, 13800001003, 广州市天河区天河路385号, 圆通速递, YT5555666677, 3, null, 2026-03-25 10:00:00, 2026-03-26 09:00:00, 2026-03-29 14:00:00, 2026-03-25 09:30:00, 2026-04-24 16:25:18
<==        Row: 29, 2047598680821440512, 61, 3, 15.90, 1, 1, 1231, 123123, 1231123123123123123, null, null, 0, 2134547, 2026-04-24 16:49:11, null, null, 2026-04-24 16:49:03, 2026-04-24 16:49:03
<==        Row: 31, 2047621173934252032, 61, 5, 7.50, 1, 1, 1231, 123123, 1231123123123123123, null, null, 0, , 2026-04-24 18:18:29, null, null, 2026-04-24 18:18:25, 2026-04-24 18:18:25
<==        Row: 32, 2055155368613056512, 61, 3, 15.90, 1, 1, 123, 123123123, 北京市北京市朝阳区12312312313, null, null, 0, , 2026-05-15 13:16:41, null, null, 2026-05-15 13:16:37, 2026-05-15 13:16:37
<==        Row: 33, 2055156322146127872, 61, 1, 39.90, 1, 3, 123, 123123123, 北京市北京市朝阳区12312312313, 123123, 123123123, 1, , 2026-05-15 13:20:29, 2026-05-15 13:21:00, null, 2026-05-15 13:20:25, 2026-05-15 13:20:25
<==        Row: 34, 2055156929577816064, 61, 1, 39.90, 1, 3, 123, 123123123, 北京市北京市朝阳区12312312313, 123123123, 123123123, 3, , 2026-05-15 13:22:58, 2026-05-15 13:23:08, 2026-05-15 13:23:16, 2026-05-15 13:22:50, 2026-05-15 13:22:50
<==        Row: 35, 2055173320959787008, 61, 1, 39.90, 1, 3, 123, 123123123, 北京市北京市朝阳区12312312313, 123123, 123123, 3, , 2026-05-15 14:28:11, 2026-05-15 14:30:29, 2026-05-19 18:21:01, 2026-05-15 14:27:58, 2026-05-15 14:27:58
<==        Row: 36, 2055173341209886720, 61, 1, 39.90, 1, 3, 123, 123123123, 北京市北京市朝阳区12312312313, 12312, 123123, 3, , 2026-05-15 14:28:05, 2026-05-15 14:28:36, 2026-05-15 14:30:44, 2026-05-15 14:28:02, 2026-05-15 14:28:02
<==        Row: 37, 2055183315197702144, 61, 1, 39.90, 1, 3, 123, 123123123, 北京市北京市朝阳区12312312313, 12312, 123123, 1, , 2026-05-15 15:07:45, 2026-05-15 15:07:54, null, 2026-05-15 15:07:40, 2026-05-15 15:07:40
<==        Row: 38, 2055196386867781632, 61, 1, 39.90, 1, 5, 123, 123123123, 北京市北京市朝阳区12312312313, 123, 12, 3, , 2026-05-15 15:59:39, 2026-05-15 15:59:49, 2026-05-15 15:59:58, 2026-05-15 15:59:37, 2026-05-15 15:59:37
<==        Row: 39, 2056681396066975744, 61, 2, 110.00, 1, 1, 123, 123123123, 北京市北京市朝阳区12312312313, null, null, 0, 11111, 2026-05-19 18:20:35, null, null, 2026-05-19 18:20:31, 2026-05-19 18:20:31
<==        Row: 42, 2074696999036047360, 61, 1, 39.90, 1, 3, 喜喜, 19999999999, 陕西省西安市雁塔区朱雀大街101号, 顺丰速运, 101011101010110, 3, , 2026-07-08 11:28:35, 2026-07-08 11:31:53, 2026-07-08 11:32:22, 2026-07-08 11:28:05, 2026-07-08 11:28:05
<==        Row: 43, 2075107830000115712, 62, 3, 15.90, 1, 1, 曹晓玲, 15691450197, 陕西省西安市长安区西安财经大学, null, null, 0, , 2026-07-09 14:40:38, null, null, 2026-07-09 14:40:35, 2026-07-09 14:40:35
<==        Row: 44, 2075123369211785216, 62, 2, 55.00, 1, 1, 曹晓玲, 15691450197, 陕西省西安市长安区西安财经大学, null, null, 0, , 2026-07-09 15:42:26, null, null, 2026-07-09 15:42:20, 2026-07-09 15:42:20
<==      Total: 35
Closing non transactional SqlSession [org.apache.ibatis.session.defaults.DefaultSqlSession@3d568868]
Creating a new SqlSession
SqlSession [org.apache.ibatis.session.defaults.DefaultSqlSession@2c3fea11] was not registered for synchronization because synchronization is not active
JDBC Connection [HikariProxyConnection@1604952488 wrapping com.mysql.cj.jdbc.ConnectionImpl@7f028b35] will not be managed by Spring
==>  Preparing: SELECT COUNT( * ) AS total FROM merchant WHERE (audit_status = ?)
==> Parameters: 0(Integer)
<==    Columns: total
<==        Row: 0
<==      Total: 1
Closing non transactional SqlSession [org.apache.ibatis.session.defaults.DefaultSqlSession@2c3fea11]
Creating a new SqlSession
SqlSession [org.apache.ibatis.session.defaults.DefaultSqlSession@309b0618] was not registered for synchronization because synchronization is not active
JDBC Connection [HikariProxyConnection@1843925057 wrapping com.mysql.cj.jdbc.ConnectionImpl@7f028b35] will not be managed by Spring
==>  Preparing: SELECT COUNT( * ) AS total FROM product WHERE (expiry_status = ?)
==> Parameters: 1(Integer)
<==    Columns: total
<==        Row: 18
<==      Total: 1
Closing non transactional SqlSession [org.apache.ibatis.session.defaults.DefaultSqlSession@309b0618]
Creating a new SqlSession
SqlSession [org.apache.ibatis.session.defaults.DefaultSqlSession@5e53aca7] was not registered for synchronization because synchronization is not active
JDBC Connection [HikariProxyConnection@907074227 wrapping com.mysql.cj.jdbc.ConnectionImpl@7f028b35] will not be managed by Spring
==>  Preparing: SELECT COUNT( * ) AS total FROM orders WHERE (order_status = ?)
==> Parameters: 0(Integer)
<==    Columns: total
<==        Row: 5
<==      Total: 1
Closing non transactional SqlSession [org.apache.ibatis.session.defaults.DefaultSqlSession@5e53aca7]
Creating a new SqlSession
SqlSession [org.apache.ibatis.session.defaults.DefaultSqlSession@16c14607] was not registered for synchronization because synchronization is not active
JDBC Connection [HikariProxyConnection@1437923052 wrapping com.mysql.cj.jdbc.ConnectionImpl@7f028b35] will not be managed by Spring
==>  Preparing: SELECT COUNT( * ) AS total FROM orders WHERE (order_status = ?)
==> Parameters: 1(Integer)
<==    Columns: total
<==        Row: 10
<==      Total: 1
Closing non transactional SqlSession [org.apache.ibatis.session.defaults.DefaultSqlSession@16c14607]
Creating a new SqlSession
SqlSession [org.apache.ibatis.session.defaults.DefaultSqlSession@43412fd5] was not registered for synchronization because synchronization is not active
JDBC Connection [HikariProxyConnection@1596762308 wrapping com.mysql.cj.jdbc.ConnectionImpl@7f028b35] will not be managed by Spring
==>  Preparing: SELECT COUNT( * ) AS total FROM orders WHERE (order_status = ?)
==> Parameters: 2(Integer)
<==    Columns: total
<==        Row: 4
<==      Total: 1
Closing non transactional SqlSession [org.apache.ibatis.session.defaults.DefaultSqlSession@43412fd5]
Creating a new SqlSession
SqlSession [org.apache.ibatis.session.defaults.DefaultSqlSession@43af9c68] was not registered for synchronization because synchronization is not active
JDBC Connection [HikariProxyConnection@165297231 wrapping com.mysql.cj.jdbc.ConnectionImpl@7f028b35] will not be managed by Spring
==>  Preparing: SELECT COUNT( * ) AS total FROM orders WHERE (order_status = ?)
==> Parameters: 3(Integer)
<==    Columns: total
<==        Row: 20
<==      Total: 1
Closing non transactional SqlSession [org.apache.ibatis.session.defaults.DefaultSqlSession@43af9c68]
Creating a new SqlSession
SqlSession [org.apache.ibatis.session.defaults.DefaultSqlSession@772158fc] was not registered for synchronization because synchronization is not active
JDBC Connection [HikariProxyConnection@1221772972 wrapping com.mysql.cj.jdbc.ConnectionImpl@7f028b35] will not be managed by Spring
==>  Preparing: SELECT COUNT( * ) AS total FROM orders WHERE (order_status = ?)
==> Parameters: 4(Integer)
<==    Columns: total
<==        Row: 4
<==      Total: 1
Closing non transactional SqlSession [org.apache.ibatis.session.defaults.DefaultSqlSession@772158fc]
Creating a new SqlSession
SqlSession [org.apache.ibatis.session.defaults.DefaultSqlSession@75a4cd9c] was not registered for synchronization because synchronization is not active
JDBC Connection [HikariProxyConnection@138382700 wrapping com.mysql.cj.jdbc.ConnectionImpl@7f028b35] will not be managed by Spring
==>  Preparing: SELECT id,name,icon,sort,parent_id,status,create_time,update_time FROM category
==> Parameters: 
<==    Columns: id, name, icon, sort, parent_id, status, create_time, update_time
<==        Row: 1, 休闲零食, null, 1, 0, 1, 2026-04-24 15:43:42, 2026-04-24 15:43:42
<==        Row: 2, 饮料冲调, null, 2, 0, 1, 2026-04-24 15:43:42, 2026-04-24 15:43:42
<==        Row: 3, 粮油调味, null, 3, 0, 1, 2026-04-24 15:43:42, 2026-04-24 15:43:42
<==        Row: 4, 方便速食, null, 4, 0, 1, 2026-04-24 15:43:42, 2026-04-24 15:43:42
<==        Row: 5, 乳制品, null, 5, 0, 1, 2026-04-24 15:43:42, 2026-04-24 15:43:42
<==        Row: 6, 饼干糕点, null, 6, 0, 1, 2026-04-24 15:43:42, 2026-04-24 15:43:42
<==        Row: 7, 糖果巧克力, null, 7, 0, 1, 2026-04-24 15:43:42, 2026-04-24 15:43:42
<==        Row: 8, 进口食品, null, 8, 0, 1, 2026-04-24 15:43:42, 2026-04-24 15:43:42
<==      Total: 8
Closing non transactional SqlSession [org.apache.ibatis.session.defaults.DefaultSqlSession@75a4cd9c]
Creating a new SqlSession
SqlSession [org.apache.ibatis.session.defaults.DefaultSqlSession@74176514] was not registered for synchronization because synchronization is not active
JDBC Connection [HikariProxyConnection@345690914 wrapping com.mysql.cj.jdbc.ConnectionImpl@7f028b35] will not be managed by Spring
==>  Preparing: SELECT id,merchant_id,category_id,name,description,price,original_price,stock,stock_warning,production_date,shelf_life_days,expiry_date,expiry_status,images,manufacturer,origin,license_no,quality_report_imgs,status,audit_status,sales,create_time,update_time FROM product WHERE (category_id = ?)
==> Parameters: 1(Long)
<==    Columns: id, merchant_id, category_id, name, description, price, original_price, stock, stock_warning, production_date, shelf_life_days, expiry_date, expiry_status, images, manufacturer, origin, license_no, quality_report_imgs, status, audit_status, sales, create_time, update_time
<==        Row: 1, 1, 1, 良品铺子 综合果仁 750g, <<BLOB>>, 39.90, 89.90, 196, 10, 2025-11-15, 200, 2026-06-03, 2, /uploads/2026/07/09/fb1c87c053d94a91ae57cb6d0ed67adc.png, 良品铺子股份有限公司, 湖北武汉, SC11942010600123, null, 1, 1, 860, 2026-04-24 16:25:18, 2026-07-08 11:28:05
<==        Row: 2, 1, 1, 三只松鼠 碧根果 500g, <<BLOB>>, 19.90, 45.90, 150, 10, 2026-01-10, 270, 2026-10-07, 1, /uploads/2026/07/09/0dc7281d54524232a87b255067a371e9.png, 三只松鼠股份有限公司, 安徽芜湖, SC11934020200456, null, 1, 1, 1230, 2026-04-24 16:25:18, 2026-05-19 17:40:57
<==        Row: 3, 3, 1, 百草味 猪肉脯 200g, <<BLOB>>, 15.90, 35.90, 77, 10, 2026-02-20, 180, 2026-08-19, 1, /uploads/2026/07/09/04f030cbd2da487287e87a200c6d1be0.png, 百草味食品有限公司, 浙江杭州, SC10433010900789, null, 1, 1, 2103, 2026-04-24 16:25:18, 2026-07-09 14:40:34
<==        Row: 4, 3, 1, 卫龙 大面筋 106g*10包, <<BLOB>>, 12.80, 25.00, 500, 10, 2026-03-01, 240, 2026-10-27, 0, /uploads/2026/07/09/ce49295547704ec79f7569a98a3f0b4b.png, 卫龙美味全球控股, 河南漯河, SC10341110400012, null, 1, 1, 5680, 2026-04-24 16:25:18, 2026-05-19 17:45:51
<==        Row: 5, 1, 1, 洽洽 瓜子 308g 焦糖味, <<BLOB>>, 9.90, 18.90, 300, 10, 2026-01-05, 270, 2026-10-02, 1, /uploads/2026/07/09/8f7b9a5750c34821bf9a2d7155c7bba0.png, 洽洽食品股份有限公司, 安徽合肥, SC11834010100034, null, 1, 1, 3200, 2026-04-24 16:25:18, 2026-05-19 17:41:42
<==        Row: 6, 5, 1, 乐事 薯片 大波浪 原味 135g, <<BLOB>>, 7.50, 12.80, 399, 10, 2026-03-15, 180, 2026-09-11, 0, /uploads/2026/07/09/e0f4bc24f4bd49a18629dd20bf7ea3ea.png, 百事食品(中国)有限公司, 北京, SC10511010400056, null, 1, 1, 4501, 2026-04-24 16:25:18, 2026-05-19 17:41:42
<==        Row: 7, 3, 1, 旺旺 仙贝 540g 家庭装, <<BLOB>>, 18.80, 38.00, 60, 10, 2025-10-01, 300, 2026-07-28, 1, /uploads/2026/07/09/642205ec1468425b918d77d9c8a2068b.png, 旺旺集团, 湖南长沙, SC10543010100078, null, 1, 1, 1800, 2026-04-24 16:25:18, 2026-05-19 17:41:42
<==        Row: 8, 1, 1, 盐津铺子 鱼豆腐 440g, <<BLOB>>, 16.01, 32.00, 1250, 10, 2026-02-01, 180, 2026-07-31, 1, /uploads/2026/07/09/d92bbf9ce44a4dfa973c693b9433be28.png, 盐津铺子食品股份有限公司, 湖南浏阳, SC10343012200090, null, 1, 1, 980, 2026-04-24 16:25:18, 2026-04-24 16:25:18
<==        Row: 53, 1, 1, 来伊份 芒果干 120g, <<BLOB>>, 8.90, 22.00, 35, 10, 2026-01-15, 180, 2026-07-14, 1, /uploads/2026/07/09/2cf4349e23b54377876e46e21279af6e.png, 来伊份股份有限公司, 上海, SC10431010400545, null, 1, 1, 1450, 2026-04-24 16:25:18, 2026-05-19 17:41:35
<==      Total: 9
Closing non transactional SqlSession [org.apache.ibatis.session.defaults.DefaultSqlSession@74176514]
Creating a new SqlSession
SqlSession [org.apache.ibatis.session.defaults.DefaultSqlSession@18737ff9] was not registered for synchronization because synchronization is not active
JDBC Connection [HikariProxyConnection@1468241446 wrapping com.mysql.cj.jdbc.ConnectionImpl@7f028b35] will not be managed by Spring
==>  Preparing: SELECT id,merchant_id,category_id,name,description,price,original_price,stock,stock_warning,production_date,shelf_life_days,expiry_date,expiry_status,images,manufacturer,origin,license_no,quality_report_imgs,status,audit_status,sales,create_time,update_time FROM product WHERE (category_id = ?)
==> Parameters: 2(Long)
<==    Columns: id, merchant_id, category_id, name, description, price, original_price, stock, stock_warning, production_date, shelf_life_days, expiry_date, expiry_status, images, manufacturer, origin, license_no, quality_report_imgs, status, audit_status, sales, create_time, update_time
<==        Row: 9, 2, 2, 农夫山泉 东方树叶 茉莉花茶 500ml*15, <<BLOB>>, 45.00, 75.00, 300, 10, 2026-02-10, 365, 2027-02-10, 0, /uploads/2026/07/09/113f1d41772546bbbd5d574a8f1b88a3.png, 农夫山泉股份有限公司, 浙江杭州, SC10633010900100, null, 1, 1, 6700, 2026-04-24 16:25:18, 2026-05-19 17:41:42
<==        Row: 10, 2, 2, 元气森林 白桃气泡水 480ml*12, <<BLOB>>, 49.90, 72.00, 200, 10, 2026-03-01, 270, 2026-11-26, 0, /uploads/2026/07/09/a81826bb791b4c0194ed5e3b0d726d9e.png, 元气森林(北京)食品科技集团, 北京, SC10611010400112, null, 1, 1, 8900, 2026-04-24 16:25:18, 2026-05-19 17:44:12
<==        Row: 11, 2, 2, 三得利 乌龙茶 500ml*18, <<BLOB>>, 55.00, 90.00, 97, 10, 2026-01-15, 365, 2027-01-15, 0, /uploads/2026/07/09/98e3ba80e5cf4951a33eb1a60aa3ed16.png, 三得利(中国)投资有限公司, 上海, SC10631010400123, null, 1, 1, 4203, 2026-04-24 16:25:18, 2026-07-09 15:42:19
<==        Row: 12, 4, 2, 雀巢 速溶咖啡 1+2 微研磨 100条, <<BLOB>>, 59.00, 99.00, 80, 10, 2025-12-01, 540, 2027-05-25, 0, /uploads/2026/07/09/c45879a3e8ea43a38c4bf8fd22c749af.png, 雀巢(中国)有限公司, 广东东莞, SC10644190000134, null, 1, 1, 3400, 2026-04-24 16:25:18, 2026-05-19 17:48:59
<==        Row: 13, 5, 2, 星巴克 即饮咖啡 抹茶拿铁 270ml*6, <<BLOB>>, 38.00, 66.00, 45, 10, 2026-01-20, 180, 2026-07-19, 1, /uploads/2026/07/09/7cd2c1eb21de45fba8a2c4c1005a03ed.png, 星巴克咖啡公司, 美国, SC10611020400145, null, 1, 1, 1560, 2026-04-24 16:25:18, 2026-05-19 17:40:45
<==        Row: 14, 2, 2, 康师傅 冰红茶 500ml*15, <<BLOB>>, 28.00, 45.00, 350, 10, 2026-03-10, 365, 2027-03-10, 0, /uploads/2026/07/09/9b324b9799bd48e0b312db0d2e150555.png, 康师傅控股有限公司, 天津, SC10612010400156, null, 1, 1, 12000, 2026-04-24 16:25:18, 2026-06-30 14:21:33
<==        Row: 15, 4, 2, 立顿 红茶包 100包装, <<BLOB>>, 32.00, 58.00, 90, 10, 2025-09-01, 730, 2027-09-01, 0, /uploads/2026/07/09/aa2dd490352341548ea9ec4e9b5a6479.png, 联合利华(中国)有限公司, 安徽合肥, SC11634010100167, null, 1, 1, 2100, 2026-04-24 16:25:18, 2026-05-19 17:44:12
<==      Total: 7
Closing non transactional SqlSession [org.apache.ibatis.session.defaults.DefaultSqlSession@18737ff9]
Creating a new SqlSession
SqlSession [org.apache.ibatis.session.defaults.DefaultSqlSession@c9c0c59] was not registered for synchronization because synchronization is not active
JDBC Connection [HikariProxyConnection@196663833 wrapping com.mysql.cj.jdbc.ConnectionImpl@7f028b35] will not be managed by Spring
==>  Preparing: SELECT id,merchant_id,category_id,name,description,price,original_price,stock,stock_warning,production_date,shelf_life_days,expiry_date,expiry_status,images,manufacturer,origin,license_no,quality_report_imgs,status,audit_status,sales,create_time,update_time FROM product WHERE (category_id = ?)
==> Parameters: 3(Long)
<==    Columns: id, merchant_id, category_id, name, description, price, original_price, stock, stock_warning, production_date, shelf_life_days, expiry_date, expiry_status, images, manufacturer, origin, license_no, quality_report_imgs, status, audit_status, sales, create_time, update_time
<==        Row: 16, 4, 3, 金龙鱼 调和油 5L, <<BLOB>>, 49.90, 79.90, 100, 10, 2026-01-01, 540, 2027-06-25, 0, /uploads/2026/07/09/a77e7db8e680483ab785517545cf2344.png, 益海嘉里金龙鱼粮油食品, 上海, SC10231010400178, null, 1, 1, 2300, 2026-04-24 16:25:18, 2026-05-19 17:40:51
<==        Row: 17, 4, 3, 海天 生抽酱油 1.9L, <<BLOB>>, 12.90, 22.90, 200, 10, 2026-02-15, 720, 2028-02-05, 0, /uploads/2026/07/09/f80df9b05d124674a69f699f1da2d962.png, 佛山市海天调味食品, 广东佛山, SC10344060400189, null, 1, 1, 5600, 2026-04-24 16:25:18, 2026-05-19 17:54:24
<==        Row: 18, 4, 3, 太太乐 鸡精 454g, <<BLOB>>, 11.50, 19.90, 160, 10, 2026-01-20, 540, 2027-07-14, 0, /uploads/2026/07/09/ce21738d34b94e6ebf665495a30d100b.png, 上海太太乐食品有限公司, 上海, SC10331010400190, null, 1, 1, 4100, 2026-04-24 16:25:18, 2026-05-19 17:40:51
<==        Row: 19, 4, 3, 恒顺 镇江香醋 580ml, <<BLOB>>, 8.90, 16.00, 250, 10, 2025-08-01, 1095, 2028-07-31, 0, /uploads/2026/07/09/39b12dfd79f9426493ce500e01666ba9.png, 江苏恒顺醋业股份有限公司, 江苏镇江, SC10332110400201, null, 1, 1, 3800, 2026-04-24 16:25:18, 2026-05-19 17:54:24
<==        Row: 20, 4, 3, 李锦记 蚝油 510g, <<BLOB>>, 10.80, 18.00, 130, 10, 2026-03-05, 540, 2027-08-27, 0, /uploads/2026/07/09/742774c51914414c994db4b42a980343.png, 李锦记(中国)销售有限公司, 广东新会, SC10344070400212, null, 1, 1, 2900, 2026-04-24 16:25:18, 2026-05-19 17:54:24
<==        Row: 21, 4, 3, 福临门 东北大米 10kg, <<BLOB>>, 45.00, 69.90, 80, 10, 2025-10-15, 365, 2026-10-15, 1, /uploads/2026/07/09/acf8f51cc95242fd90b4846445a1f187.png, 中粮福临门食品有限公司, 黑龙江五常, SC10123010100223, null, 1, 1, 1700, 2026-04-24 16:25:18, 2026-05-19 17:40:51
<==        Row: 22, 4, 3, 十三香 调味料 45g, <<BLOB>>, 4.50, 8.00, 400, 10, 2026-02-01, 540, 2027-07-26, 0, /uploads/2026/07/09/77ab0a9260344134bf4f4870ce25ad37.png, 驻马店市王守义十三香集团, 河南驻马店, SC10341170400234, null, 1, 1, 6200, 2026-04-24 16:25:18, 2026-05-19 17:40:51
<==      Total: 7
Closing non transactional SqlSession [org.apache.ibatis.session.defaults.DefaultSqlSession@c9c0c59]
Creating a new SqlSession
SqlSession [org.apache.ibatis.session.defaults.DefaultSqlSession@715362dd] was not registered for synchronization because synchronization is not active
JDBC Connection [HikariProxyConnection@499205738 wrapping com.mysql.cj.jdbc.ConnectionImpl@7f028b35] will not be managed by Spring
==>  Preparing: SELECT id,merchant_id,category_id,name,description,price,original_price,stock,stock_warning,production_date,shelf_life_days,expiry_date,expiry_status,images,manufacturer,origin,license_no,quality_report_imgs,status,audit_status,sales,create_time,update_time FROM product WHERE (category_id = ?)
==> Parameters: 4(Long)
<==    Columns: id, merchant_id, category_id, name, description, price, original_price, stock, stock_warning, production_date, shelf_life_days, expiry_date, expiry_status, images, manufacturer, origin, license_no, quality_report_imgs, status, audit_status, sales, create_time, update_time
<==        Row: 23, 3, 4, 康师傅 红烧牛肉面 5连包, <<BLOB>>, 11.50, 20.00, 400, 10, 2026-03-01, 180, 2026-08-28, 1, /uploads/2026/07/09/08d0fdb546d74ef18c9a8c6a81c2ef0b.png, 康师傅控股有限公司, 天津, SC10112010400245, null, 1, 1, 15000, 2026-04-24 16:25:18, 2026-05-19 17:44:12
<==        Row: 24, 3, 4, 统一 老坛酸菜牛肉面 5连包, <<BLOB>>, 11.90, 20.00, 350, 10, 2026-02-15, 180, 2026-08-14, 1, /uploads/2026/07/09/973611b3e14c4aebbf5222ecb044cbe2.png, 统一企业(中国)投资有限公司, 北京, SC10111010400256, null, 1, 1, 12000, 2026-04-24 16:25:18, 2026-05-19 17:45:51
<==        Row: 25, 3, 4, 自嗨锅 麻辣火锅 自热锅, <<BLOB>>, 19.90, 39.90, 100, 10, 2026-01-10, 270, 2026-10-07, 1, /uploads/2026/07/09/a3fe1e294c3c4b89a5c28d498961fd9c.png, 杭州自嗨锅食品科技, 浙江杭州, SC10133010900267, null, 1, 1, 3500, 2026-04-24 16:25:18, 2026-05-19 17:48:59
<==        Row: 26, 5, 4, 日清 合味道 杯面 海鲜味 12杯, <<BLOB>>, 35.00, 60.00, 80, 10, 2026-02-20, 240, 2026-10-18, 0, /uploads/2026/07/09/31f2c033f07b4702a58e6ab816c18d20.png, 日清食品(中国)有限公司, 广东珠海, SC10144040100278, null, 1, 1, 2800, 2026-04-24 16:25:18, 2026-05-19 17:40:57
<==        Row: 27, 1, 4, 螺霸王 螺蛳粉 330g*3, <<BLOB>>, 25.80, 42.00, 200, 10, 2026-03-10, 180, 2026-09-06, 1, /uploads/2026/07/09/f2ae866cf9f34e719c92018c513a99cd.png, 柳州市螺霸王食品, 广西柳州, SC10145020100289, null, 1, 1, 7800, 2026-04-24 16:25:18, 2026-04-24 16:25:18
<==        Row: 28, 3, 4, 阿宽 红油面皮 4连包, <<BLOB>>, 13.90, 24.00, 250, 10, 2026-02-28, 180, 2026-08-27, 1, /uploads/2026/07/09/fd7cefe317a34d229daa6f8493890bd0.png, 四川白家阿宽食品产业, 四川成都, SC10151010400290, null, 1, 1, 4300, 2026-04-24 16:25:18, 2026-05-19 17:40:57
<==        Row: 29, 1, 4, 海底捞 自煮火锅 蔬菜版, <<BLOB>>, 22.00, 42.00, 60, 10, 2026-01-25, 270, 2026-10-22, 0, /uploads/2026/07/09/5a918fa8d5c84e23b5d0abc52338a845.png, 海底捞(四川)食品有限公司, 四川成都, SC10151010400301, null, 1, 1, 5100, 2026-04-24 16:25:18, 2026-05-19 17:40:57
<==        Row: 55, 3, 4, 白象 大骨面 香辣牛骨味 5连包, <<BLOB>>, 9.90, 18.00, 280, 10, 2026-03-05, 180, 2026-09-01, 1, /uploads/2026/07/09/cc2736ae87d6493bb1c0d3f494412ef2.png, 白象食品集团, 河南郑州, SC10141010400567, null, 1, 1, 8900, 2026-04-24 16:25:18, 2026-05-19 17:41:35
<==      Total: 8
Closing non transactional SqlSession [org.apache.ibatis.session.defaults.DefaultSqlSession@715362dd]
Creating a new SqlSession
SqlSession [org.apache.ibatis.session.defaults.DefaultSqlSession@2b2bf42b] was not registered for synchronization because synchronization is not active
JDBC Connection [HikariProxyConnection@1090797081 wrapping com.mysql.cj.jdbc.ConnectionImpl@7f028b35] will not be managed by Spring
==>  Preparing: SELECT id,merchant_id,category_id,name,description,price,original_price,stock,stock_warning,production_date,shelf_life_days,expiry_date,expiry_status,images,manufacturer,origin,license_no,quality_report_imgs,status,audit_status,sales,create_time,update_time FROM product WHERE (category_id = ?)
==> Parameters: 5(Long)
<==    Columns: id, merchant_id, category_id, name, description, price, original_price, stock, stock_warning, production_date, shelf_life_days, expiry_date, expiry_status, images, manufacturer, origin, license_no, quality_report_imgs, status, audit_status, sales, create_time, update_time
<==        Row: 30, 2, 5, 蒙牛 特仑苏 纯牛奶 250ml*12, <<BLOB>>, 49.90, 79.90, 150, 10, 2026-03-15, 180, 2026-09-11, 1, /uploads/2026/05/19/product_30_51425b361ef54d068c104e7cf8ebc87e.jpg, 蒙牛乳业(集团)股份有限公司, 内蒙古呼和浩特, SC10515010100312, null, 1, 1, 9200, 2026-04-24 16:25:18, 2026-05-19 17:40:57
<==        Row: 31, 2, 5, 伊利 安慕希 原味酸奶 205g*12, <<BLOB>>, 45.00, 69.90, 120, 10, 2026-04-01, 150, 2026-08-29, 0, /uploads/2026/07/09/8a0708c4c69a46e0b0e50395837ae1a7.png, 内蒙古伊利实业集团, 内蒙古呼和浩特, SC10515010100323, null, 1, 1, 11000, 2026-04-24 16:25:18, 2026-05-19 17:41:14
<==        Row: 32, 2, 5, 光明 莫斯利安 原味酸奶 200g*12, <<BLOB>>, 39.90, 65.00, 90, 10, 2026-03-20, 150, 2026-08-17, 1, /uploads/2026/07/09/490e7d6596f9493cac1d980d3fefb77e.png, 光明乳业股份有限公司, 上海, SC10531010400334, null, 1, 1, 6500, 2026-04-24 16:25:18, 2026-05-19 17:41:14
<==        Row: 33, 2, 5, 德亚 全脂纯牛奶 200ml*24 德国进口, <<BLOB>>, 59.90, 99.00, 80, 10, 2025-12-15, 365, 2026-12-15, 0, /uploads/2026/05/19/product_33_ea346e2bf2ec407daa5d31141c76873d.jpg, Hochwald Foods GmbH, 德国, SC10500000000345, null, 1, 1, 4300, 2026-04-24 16:25:18, 2026-05-19 17:41:14
<==        Row: 34, 2, 5, 认养一头牛 全脂纯牛奶 250ml*12, <<BLOB>>, 39.00, 59.90, 200, 10, 2026-03-01, 180, 2026-08-28, 1, /uploads/2026/07/09/5ac5ac2bb87049a49fc0364defcbb65c.png, 认养一头牛控股集团, 河北张家口, SC10513010100356, null, 1, 1, 7800, 2026-04-24 16:25:18, 2026-05-19 17:41:14
<==        Row: 54, 2, 5, 君乐宝 简醇 0添加蔗糖酸奶 250g*10, <<BLOB>>, 35.00, 59.90, 55, 10, 2026-03-25, 120, 2026-07-23, 1, /uploads/2026/07/09/756ee40572394d9988e42004389b6f1a.png, 石家庄君乐宝乳业有限公司, 河北石家庄, SC10513010100556, null, 1, 1, 3200, 2026-04-24 16:25:18, 2026-05-19 17:44:19
<==      Total: 6
Closing non transactional SqlSession [org.apache.ibatis.session.defaults.DefaultSqlSession@2b2bf42b]
Creating a new SqlSession
SqlSession [org.apache.ibatis.session.defaults.DefaultSqlSession@270ab5b7] was not registered for synchronization because synchronization is not active
JDBC Connection [HikariProxyConnection@1408538577 wrapping com.mysql.cj.jdbc.ConnectionImpl@7f028b35] will not be managed by Spring
==>  Preparing: SELECT id,merchant_id,category_id,name,description,price,original_price,stock,stock_warning,production_date,shelf_life_days,expiry_date,expiry_status,images,manufacturer,origin,license_no,quality_report_imgs,status,audit_status,sales,create_time,update_time FROM product WHERE (category_id = ?)
==> Parameters: 6(Long)
<==    Columns: id, merchant_id, category_id, name, description, price, original_price, stock, stock_warning, production_date, shelf_life_days, expiry_date, expiry_status, images, manufacturer, origin, license_no, quality_report_imgs, status, audit_status, sales, create_time, update_time
<==        Row: 35, 1, 6, 奥利奥 夹心饼干 原味 388g, <<BLOB>>, 12.90, 22.00, 300, 10, 2026-02-10, 365, 2027-02-10, 0, /uploads/2026/07/09/d60e75c55d51445e8bd9b938961e7300.png, 亿滋食品(中国)有限公司, 北京, SC10411010400367, null, 1, 1, 8900, 2026-04-24 16:25:18, 2026-05-19 17:41:14
<==        Row: 36, 3, 6, 达利园 蛋黄派 600g, <<BLOB>>, 14.50, 28.00, 200, 10, 2026-03-05, 270, 2026-11-30, 0, /uploads/2026/07/09/19b9e21d9af249eeaa93ef46969ec1d9.png, 达利食品集团有限公司, 福建泉州, SC10435050100378, null, 1, 1, 5400, 2026-04-24 16:25:18, 2026-05-19 17:41:24
<==        Row: 37, 5, 6, Pocky 百奇 巧克力味 55g*10, <<BLOB>>, 29.90, 50.00, 100, 10, 2026-01-20, 365, 2027-01-20, 0, /uploads/2026/07/09/defb3be9e62548a580b3208378d2c9b6.png, 江崎格力高(上海)食品, 上海, SC10431010400389, null, 1, 1, 3200, 2026-04-24 16:25:18, 2026-05-19 17:44:12
<==        Row: 38, 1, 6, 稻香村 糕点礼盒 1500g, <<BLOB>>, 68.00, 128.00, 40, 10, 2026-01-01, 180, 2026-06-30, 2, /uploads/2026/07/09/5a97ae97e28e417595b0288f55d20f8b.png, 北京稻香村食品有限公司, 北京, SC10411010400390, null, 1, 1, 1200, 2026-04-24 16:25:18, 2026-05-19 17:41:24
<==        Row: 39, 3, 6, 好丽友 派 巧克力味 12枚, <<BLOB>>, 18.80, 32.00, 250, 10, 2026-02-28, 270, 2026-11-25, 0, /uploads/2026/07/09/43e49884b9804dab858dd02b97b29647.png, 好丽友食品有限公司, 上海, SC10431010400401, null, 1, 1, 6100, 2026-04-24 16:25:18, 2026-05-19 17:41:24
<==        Row: 40, 1, 6, 嘉士利 早餐饼干 800g, <<BLOB>>, 15.90, 29.90, 180, 10, 2026-03-10, 365, 2027-03-10, 0, /uploads/2026/07/09/318dd05773aa4a4f97ff04956d202509.png, 广东嘉士利食品集团, 广东开平, SC10444070400412, null, 1, 1, 2700, 2026-04-24 16:25:18, 2026-05-19 17:44:19
<==        Row: 56, 1, 6, 桃李 醇熟切片吐司 400g, <<BLOB>>, 8.50, 14.90, 40, 10, 2026-04-15, 30, 2026-05-15, 2, /uploads/2026/07/09/fd1e0f1a20eb4790a37e472dd266d7a8.png, 桃李面包股份有限公司, 辽宁沈阳, SC10421010100578, null, 1, 1, 980, 2026-04-24 16:25:18, 2026-05-19 17:44:19
<==      Total: 7
Closing non transactional SqlSession [org.apache.ibatis.session.defaults.DefaultSqlSession@270ab5b7]
Creating a new SqlSession
SqlSession [org.apache.ibatis.session.defaults.DefaultSqlSession@6b4b9093] was not registered for synchronization because synchronization is not active
JDBC Connection [HikariProxyConnection@429795136 wrapping com.mysql.cj.jdbc.ConnectionImpl@7f028b35] will not be managed by Spring
==>  Preparing: SELECT id,merchant_id,category_id,name,description,price,original_price,stock,stock_warning,production_date,shelf_life_days,expiry_date,expiry_status,images,manufacturer,origin,license_no,quality_report_imgs,status,audit_status,sales,create_time,update_time FROM product WHERE (category_id = ?)
==> Parameters: 7(Long)
<==    Columns: id, merchant_id, category_id, name, description, price, original_price, stock, stock_warning, production_date, shelf_life_days, expiry_date, expiry_status, images, manufacturer, origin, license_no, quality_report_imgs, status, audit_status, sales, create_time, update_time
<==        Row: 41, 5, 7, 费列罗 榛果威化巧克力 30粒, <<BLOB>>, 75.00, 138.00, 60, 10, 2026-01-15, 300, 2026-11-11, 0, /uploads/2026/07/09/ea28b12ea0e34c87909aa71f35126058.png, 费列罗贸易(上海)有限公司, 意大利, SC10500000000423, null, 1, 1, 4500, 2026-04-24 16:25:18, 2026-05-19 17:41:24
<==        Row: 42, 5, 7, 德芙 丝滑牛奶巧克力 252g, <<BLOB>>, 32.00, 55.00, 150, 10, 2026-02-14, 365, 2027-02-14, 0, /uploads/2026/07/09/cef804ad97c841cf8587e95e8ad8fc00.png, 玛氏食品(中国)有限公司, 北京, SC10411010400434, null, 1, 1, 7600, 2026-04-24 16:25:18, 2026-05-19 17:44:19
<==        Row: 43, 3, 7, 徐福记 沙琪玛 470g, <<BLOB>>, 13.90, 25.00, 200, 10, 2026-03-01, 270, 2026-11-26, 0, /uploads/2026/07/09/b33a5a18b1a54e74949519fe10bd5a38.png, 东莞徐记食品有限公司, 广东东莞, SC10444190000445, null, 1, 1, 5300, 2026-04-24 16:25:18, 2026-05-19 17:45:51
<==        Row: 44, 5, 7, 明治 巧克力 特纯黑巧 75%可可, <<BLOB>>, 18.00, 35.00, 70, 10, 2026-01-10, 365, 2027-01-10, 0, /uploads/2026/07/09/87fd3035a566437ca732a050617e6ace.png, 明治(中国)投资有限公司, 日本, SC10500000000456, null, 1, 1, 2100, 2026-04-24 16:25:18, 2026-05-19 17:48:59
<==        Row: 45, 3, 7, 不二家 棒棒糖 混合口味 40支, <<BLOB>>, 22.00, 40.00, 90, 10, 2025-11-20, 365, 2026-11-20, 0, /uploads/2026/07/09/a5e07355f3934e0b9ca1314332718988.png, 不二家(杭州)食品有限公司, 浙江杭州, SC10633010900467, null, 1, 1, 3800, 2026-04-24 16:25:18, 2026-05-19 17:54:24
<==        Row: 46, 1, 7, 阿尔卑斯 太妃糖 200g, <<BLOB>>, 9.90, 18.00, 350, 10, 2026-02-20, 540, 2027-08-14, 0, /uploads/2026/07/09/511ccc71a3534445bc66744548231c0f.png, 不凡帝范梅勒糖果(中国), 上海, SC10431010400478, null, 1, 1, 4200, 2026-04-24 16:25:18, 2026-05-19 17:54:35
<==      Total: 6
Closing non transactional SqlSession [org.apache.ibatis.session.defaults.DefaultSqlSession@6b4b9093]
Creating a new SqlSession
SqlSession [org.apache.ibatis.session.defaults.DefaultSqlSession@598e69a6] was not registered for synchronization because synchronization is not active
JDBC Connection [HikariProxyConnection@1861657868 wrapping com.mysql.cj.jdbc.ConnectionImpl@7f028b35] will not be managed by Spring
==>  Preparing: SELECT id,merchant_id,category_id,name,description,price,original_price,stock,stock_warning,production_date,shelf_life_days,expiry_date,expiry_status,images,manufacturer,origin,license_no,quality_report_imgs,status,audit_status,sales,create_time,update_time FROM product WHERE (category_id = ?)
==> Parameters: 8(Long)
<==    Columns: id, merchant_id, category_id, name, description, price, original_price, stock, stock_warning, production_date, shelf_life_days, expiry_date, expiry_status, images, manufacturer, origin, license_no, quality_report_imgs, status, audit_status, sales, create_time, update_time
<==        Row: 47, 5, 8, 韩国 农心 辛拉面 5连包, <<BLOB>>, 22.00, 38.00, 120, 10, 2026-02-15, 365, 2027-02-15, 0, /uploads/2026/07/09/03a944e76bd945608ce2a22214518315.png, 农心(上海)食品有限公司, 韩国, SC10500000000489, null, 1, 1, 6700, 2026-04-24 16:25:18, 2026-05-19 17:41:24
<==        Row: 48, 5, 8, 日本 格力高 百醇 注心饼干 48g*6, <<BLOB>>, 35.00, 60.00, 80, 10, 2026-01-25, 300, 2026-11-21, 0, /uploads/2026/07/09/a7481caef5e4469da6540d44b1c5057a.png, 江崎格力高(上海)食品, 日本, SC10431010400490, null, 1, 1, 2900, 2026-04-24 16:25:18, 2026-05-19 17:54:35
<==        Row: 49, 5, 8, 泰国 皇家金枕 榴莲干 300g, <<BLOB>>, 58.00, 98.00, 50, 10, 2026-02-01, 365, 2027-02-01, 0, /uploads/2026/07/09/35cc305da12444e68cd59e39c0d58c55.png, Thai Royal Orchid, 泰国, SC10500000000501, null, 1, 1, 3400, 2026-04-24 16:25:18, 2026-05-19 17:41:35
<==        Row: 50, 5, 8, 越南 G7 三合一速溶咖啡 50条, <<BLOB>>, 39.00, 68.00, 100, 10, 2025-12-10, 730, 2027-12-10, 0, /uploads/2026/07/09/876cc30b93e543b099a2a2a7ad77f6aa.png, 中原G7咖啡集团, 越南, SC10500000000512, null, 1, 1, 5100, 2026-04-24 16:25:18, 2026-05-19 17:44:19
<==        Row: 51, 5, 8, 澳洲 TimTam 巧克力饼干 200g, <<BLOB>>, 25.00, 45.00, 60, 10, 2026-03-01, 365, 2027-03-01, 0, /uploads/2026/07/09/ea872eb5a5534407b3db0934dc22498a.png, Arnott's Biscuits, 澳大利亚, SC10500000000523, null, 1, 1, 1800, 2026-04-24 16:25:18, 2026-05-19 17:41:35
<==        Row: 52, 5, 8, 意大利 Barilla 百味来 意面 500g, <<BLOB>>, 15.00, 28.00, 150, 10, 2025-06-01, 1095, 2028-05-31, 0, /uploads/2026/07/09/feefe6809ac94225b1ed1349dd9c53dc.png, Barilla G. e R. Fratelli, 意大利, SC10500000000534, null, 1, 1, 2300, 2026-04-24 16:25:18, 2026-05-19 17:54:35
<==      Total: 6
Closing non transactional SqlSession [org.apache.ibatis.session.defaults.DefaultSqlSession@598e69a6]
Creating a new SqlSession
SqlSession [org.apache.ibatis.session.defaults.DefaultSqlSession@73618c46] was not registered for synchronization because synchronization is not active
JDBC Connection [HikariProxyConnection@1502087381 wrapping com.mysql.cj.jdbc.ConnectionImpl@7f028b35] will not be managed by Spring
==>  Preparing: SELECT id,merchant_id,category_id,name,description,price,original_price,stock,stock_warning,production_date,shelf_life_days,expiry_date,expiry_status,images,manufacturer,origin,license_no,quality_report_imgs,status,audit_status,sales,create_time,update_time FROM product ORDER BY sales DESC LIMIT 10
==> Parameters: 
<==    Columns: id, merchant_id, category_id, name, description, price, original_price, stock, stock_warning, production_date, shelf_life_days, expiry_date, expiry_status, images, manufacturer, origin, license_no, quality_report_imgs, status, audit_status, sales, create_time, update_time
<==        Row: 23, 3, 4, 康师傅 红烧牛肉面 5连包, <<BLOB>>, 11.50, 20.00, 400, 10, 2026-03-01, 180, 2026-08-28, 1, /uploads/2026/07/09/08d0fdb546d74ef18c9a8c6a81c2ef0b.png, 康师傅控股有限公司, 天津, SC10112010400245, null, 1, 1, 15000, 2026-04-24 16:25:18, 2026-05-19 17:44:12
<==        Row: 14, 2, 2, 康师傅 冰红茶 500ml*15, <<BLOB>>, 28.00, 45.00, 350, 10, 2026-03-10, 365, 2027-03-10, 0, /uploads/2026/07/09/9b324b9799bd48e0b312db0d2e150555.png, 康师傅控股有限公司, 天津, SC10612010400156, null, 1, 1, 12000, 2026-04-24 16:25:18, 2026-06-30 14:21:33
<==        Row: 24, 3, 4, 统一 老坛酸菜牛肉面 5连包, <<BLOB>>, 11.90, 20.00, 350, 10, 2026-02-15, 180, 2026-08-14, 1, /uploads/2026/07/09/973611b3e14c4aebbf5222ecb044cbe2.png, 统一企业(中国)投资有限公司, 北京, SC10111010400256, null, 1, 1, 12000, 2026-04-24 16:25:18, 2026-05-19 17:45:51
<==        Row: 31, 2, 5, 伊利 安慕希 原味酸奶 205g*12, <<BLOB>>, 45.00, 69.90, 120, 10, 2026-04-01, 150, 2026-08-29, 0, /uploads/2026/07/09/8a0708c4c69a46e0b0e50395837ae1a7.png, 内蒙古伊利实业集团, 内蒙古呼和浩特, SC10515010100323, null, 1, 1, 11000, 2026-04-24 16:25:18, 2026-05-19 17:41:14
<==        Row: 30, 2, 5, 蒙牛 特仑苏 纯牛奶 250ml*12, <<BLOB>>, 49.90, 79.90, 150, 10, 2026-03-15, 180, 2026-09-11, 1, /uploads/2026/05/19/product_30_51425b361ef54d068c104e7cf8ebc87e.jpg, 蒙牛乳业(集团)股份有限公司, 内蒙古呼和浩特, SC10515010100312, null, 1, 1, 9200, 2026-04-24 16:25:18, 2026-05-19 17:40:57
<==        Row: 10, 2, 2, 元气森林 白桃气泡水 480ml*12, <<BLOB>>, 49.90, 72.00, 200, 10, 2026-03-01, 270, 2026-11-26, 0, /uploads/2026/07/09/a81826bb791b4c0194ed5e3b0d726d9e.png, 元气森林(北京)食品科技集团, 北京, SC10611010400112, null, 1, 1, 8900, 2026-04-24 16:25:18, 2026-05-19 17:44:12
<==        Row: 35, 1, 6, 奥利奥 夹心饼干 原味 388g, <<BLOB>>, 12.90, 22.00, 300, 10, 2026-02-10, 365, 2027-02-10, 0, /uploads/2026/07/09/d60e75c55d51445e8bd9b938961e7300.png, 亿滋食品(中国)有限公司, 北京, SC10411010400367, null, 1, 1, 8900, 2026-04-24 16:25:18, 2026-05-19 17:41:14
<==        Row: 55, 3, 4, 白象 大骨面 香辣牛骨味 5连包, <<BLOB>>, 9.90, 18.00, 280, 10, 2026-03-05, 180, 2026-09-01, 1, /uploads/2026/07/09/cc2736ae87d6493bb1c0d3f494412ef2.png, 白象食品集团, 河南郑州, SC10141010400567, null, 1, 1, 8900, 2026-04-24 16:25:18, 2026-05-19 17:41:35
<==        Row: 34, 2, 5, 认养一头牛 全脂纯牛奶 250ml*12, <<BLOB>>, 39.00, 59.90, 200, 10, 2026-03-01, 180, 2026-08-28, 1, /uploads/2026/07/09/5ac5ac2bb87049a49fc0364defcbb65c.png, 认养一头牛控股集团, 河北张家口, SC10513010100356, null, 1, 1, 7800, 2026-04-24 16:25:18, 2026-05-19 17:41:14
<==        Row: 27, 1, 4, 螺霸王 螺蛳粉 330g*3, <<BLOB>>, 25.80, 42.00, 200, 10, 2026-03-10, 180, 2026-09-06, 1, /uploads/2026/07/09/f2ae866cf9f34e719c92018c513a99cd.png, 柳州市螺霸王食品, 广西柳州, SC10145020100289, null, 1, 1, 7800, 2026-04-24 16:25:18, 2026-04-24 16:25:18
<==      Total: 10
Closing non transactional SqlSession [org.apache.ibatis.session.defaults.DefaultSqlSession@73618c46]
Creating a new SqlSession
SqlSession [org.apache.ibatis.session.defaults.DefaultSqlSession@f3463e8] was not registered for synchronization because synchronization is not active
JDBC Connection [HikariProxyConnection@141063378 wrapping com.mysql.cj.jdbc.ConnectionImpl@7f028b35] will not be managed by Spring
==>  Preparing: SELECT COUNT(*) AS total FROM orders
==> Parameters: 
<==    Columns: total
<==        Row: 44
<==      Total: 1
==>  Preparing: SELECT id,order_no,user_id,merchant_id,total_amount,pay_status,order_status,receiver_name,receiver_phone,receiver_address,express_company,express_no,logistics_status,remark,pay_time,ship_time,receive_time,create_time,update_time FROM orders ORDER BY create_time DESC LIMIT ?
==> Parameters: 10(Long)
<==    Columns: id, order_no, user_id, merchant_id, total_amount, pay_status, order_status, receiver_name, receiver_phone, receiver_address, express_company, express_no, logistics_status, remark, pay_time, ship_time, receive_time, create_time, update_time
<==        Row: 44, 2075123369211785216, 62, 2, 55.00, 1, 1, 曹晓玲, 15691450197, 陕西省西安市长安区西安财经大学, null, null, 0, , 2026-07-09 15:42:26, null, null, 2026-07-09 15:42:20, 2026-07-09 15:42:20
<==        Row: 43, 2075107830000115712, 62, 3, 15.90, 1, 1, 曹晓玲, 15691450197, 陕西省西安市长安区西安财经大学, null, null, 0, , 2026-07-09 14:40:38, null, null, 2026-07-09 14:40:35, 2026-07-09 14:40:35
<==        Row: 42, 2074696999036047360, 61, 1, 39.90, 1, 3, 喜喜, 19999999999, 陕西省西安市雁塔区朱雀大街101号, 顺丰速运, 101011101010110, 3, , 2026-07-08 11:28:35, 2026-07-08 11:31:53, 2026-07-08 11:32:22, 2026-07-08 11:28:05, 2026-07-08 11:28:05
<==        Row: 41, 2071843039401074688, 61, 1, 39.90, 0, 0, 喜喜, 19999999999, 北京市北京市朝阳区长安大街101号, null, null, 0, , null, null, null, 2026-06-30 14:27:28, 2026-06-30 14:27:28
<==        Row: 40, 2071841549894643712, 61, 2, 28.00, 0, 4, 喜喜, 19999999999, 北京市北京市朝阳区长安大街101号, null, null, 0, , null, null, null, 2026-06-30 14:21:33, 2026-06-30 14:21:33
<==        Row: 39, 2056681396066975744, 61, 2, 110.00, 1, 1, 123, 123123123, 北京市北京市朝阳区12312312313, null, null, 0, 11111, 2026-05-19 18:20:35, null, null, 2026-05-19 18:20:31, 2026-05-19 18:20:31
<==        Row: 38, 2055196386867781632, 61, 1, 39.90, 1, 5, 123, 123123123, 北京市北京市朝阳区12312312313, 123, 12, 3, , 2026-05-15 15:59:39, 2026-05-15 15:59:49, 2026-05-15 15:59:58, 2026-05-15 15:59:37, 2026-05-15 15:59:37
<==        Row: 37, 2055183315197702144, 61, 1, 39.90, 1, 3, 123, 123123123, 北京市北京市朝阳区12312312313, 12312, 123123, 1, , 2026-05-15 15:07:45, 2026-05-15 15:07:54, null, 2026-05-15 15:07:40, 2026-05-15 15:07:40
<==        Row: 36, 2055173341209886720, 61, 1, 39.90, 1, 3, 123, 123123123, 北京市北京市朝阳区12312312313, 12312, 123123, 3, , 2026-05-15 14:28:05, 2026-05-15 14:28:36, 2026-05-15 14:30:44, 2026-05-15 14:28:02, 2026-05-15 14:28:02
<==        Row: 35, 2055173320959787008, 61, 1, 39.90, 1, 3, 123, 123123123, 北京市北京市朝阳区12312312313, 123123, 123123, 3, , 2026-05-15 14:28:11, 2026-05-15 14:30:29, 2026-05-19 18:21:01, 2026-05-15 14:27:58, 2026-05-15 14:27:58
<==      Total: 10
Closing non transactional SqlSession [org.apache.ibatis.session.defaults.DefaultSqlSession@f3463e8]
Creating a new SqlSession
SqlSession [org.apache.ibatis.session.defaults.DefaultSqlSession@c4494f] was not registered for synchronization because synchronization is not active
JDBC Connection [HikariProxyConnection@1147830221 wrapping com.mysql.cj.jdbc.ConnectionImpl@7f028b35] will not be managed by Spring
==>  Preparing: SELECT COUNT(*) AS total FROM after_sale
==> Parameters: 
<==    Columns: total
<==        Row: 8
<==      Total: 1
==>  Preparing: SELECT id,order_id,user_id,type,reason,description,images,status,merchant_reply,admin_reply,create_time,update_time FROM after_sale ORDER BY create_time DESC LIMIT ?
==> Parameters: 10(Long)
<==    Columns: id, order_id, user_id, type, reason, description, images, status, merchant_reply, admin_reply, create_time, update_time
<==        Row: 8, 38, 61, 1, 2345, <<BLOB>>, null, 0, <<BLOB>>, <<BLOB>>, 2026-05-15 16:00:24, 2026-05-15 16:00:24
<==        Row: 7, 38, 61, 2, 12345234, <<BLOB>>, null, 2, <<BLOB>>, <<BLOB>>, 2026-05-15 16:00:04, 2026-05-15 16:00:04
<==        Row: 6, 37, 61, 1, 12312, <<BLOB>>, null, 4, <<BLOB>>, <<BLOB>>, 2026-05-15 15:08:41, 2026-05-15 15:08:41
<==        Row: 5, 37, 61, 1, 12312, <<BLOB>>, null, 2, <<BLOB>>, <<BLOB>>, 2026-05-15 15:08:05, 2026-05-15 15:08:05
<==        Row: 4, 36, 61, 1, 123123, <<BLOB>>, null, 4, <<BLOB>>, <<BLOB>>, 2026-05-15 14:31:13, 2026-05-15 14:31:13
<==        Row: 3, 36, 61, 1, 12313, <<BLOB>>, null, 2, <<BLOB>>, <<BLOB>>, 2026-05-15 14:30:54, 2026-05-15 14:30:54
<==        Row: 2, 34, 61, 1, 123123, <<BLOB>>, null, 4, <<BLOB>>, <<BLOB>>, 2026-05-15 14:07:09, 2026-05-15 14:07:09
<==        Row: 1, 33, 61, 1, 123123, <<BLOB>>, null, 4, <<BLOB>>, <<BLOB>>, 2026-05-15 13:21:24, 2026-05-15 13:21:24
<==      Total: 8
Closing non transactional SqlSession [org.apache.ibatis.session.defaults.DefaultSqlSession@c4494f]
Creating a new SqlSession
SqlSession [org.apache.ibatis.session.defaults.DefaultSqlSession@539125c4] was not registered for synchronization because synchronization is not active
JDBC Connection [HikariProxyConnection@1119840606 wrapping com.mysql.cj.jdbc.ConnectionImpl@7f028b35] will not be managed by Spring
==>  Preparing: SELECT COUNT( * ) AS total FROM after_sale WHERE (order_id = ? AND id < ?)
==> Parameters: 38(Long), 8(Long)
<==    Columns: total
<==        Row: 1
<==      Total: 1
Closing non transactional SqlSession [org.apache.ibatis.session.defaults.DefaultSqlSession@539125c4]
Creating a new SqlSession
SqlSession [org.apache.ibatis.session.defaults.DefaultSqlSession@4000c22f] was not registered for synchronization because synchronization is not active
JDBC Connection [HikariProxyConnection@227093122 wrapping com.mysql.cj.jdbc.ConnectionImpl@7f028b35] will not be managed by Spring
==>  Preparing: SELECT COUNT( * ) AS total FROM after_sale WHERE (order_id = ? AND id < ?)
==> Parameters: 38(Long), 7(Long)
<==    Columns: total
<==        Row: 0
<==      Total: 1
Closing non transactional SqlSession [org.apache.ibatis.session.defaults.DefaultSqlSession@4000c22f]
Creating a new SqlSession
SqlSession [org.apache.ibatis.session.defaults.DefaultSqlSession@7a6ea9df] was not registered for synchronization because synchronization is not active
JDBC Connection [HikariProxyConnection@1018764551 wrapping com.mysql.cj.jdbc.ConnectionImpl@7f028b35] will not be managed by Spring
==>  Preparing: SELECT COUNT( * ) AS total FROM after_sale WHERE (order_id = ? AND id < ?)
==> Parameters: 37(Long), 6(Long)
<==    Columns: total
<==        Row: 1
<==      Total: 1
Closing non transactional SqlSession [org.apache.ibatis.session.defaults.DefaultSqlSession@7a6ea9df]
Creating a new SqlSession
SqlSession [org.apache.ibatis.session.defaults.DefaultSqlSession@1c87e78b] was not registered for synchronization because synchronization is not active
JDBC Connection [HikariProxyConnection@321426837 wrapping com.mysql.cj.jdbc.ConnectionImpl@7f028b35] will not be managed by Spring
==>  Preparing: SELECT COUNT( * ) AS total FROM after_sale WHERE (order_id = ? AND id < ?)
==> Parameters: 37(Long), 5(Long)
<==    Columns: total
<==        Row: 0
<==      Total: 1
Closing non transactional SqlSession [org.apache.ibatis.session.defaults.DefaultSqlSession@1c87e78b]
Creating a new SqlSession
SqlSession [org.apache.ibatis.session.defaults.DefaultSqlSession@183b8bb6] was not registered for synchronization because synchronization is not active
JDBC Connection [HikariProxyConnection@1000574085 wrapping com.mysql.cj.jdbc.ConnectionImpl@7f028b35] will not be managed by Spring
==>  Preparing: SELECT COUNT( * ) AS total FROM after_sale WHERE (order_id = ? AND id < ?)
==> Parameters: 36(Long), 4(Long)
<==    Columns: total
<==        Row: 1
<==      Total: 1
Closing non transactional SqlSession [org.apache.ibatis.session.defaults.DefaultSqlSession@183b8bb6]
Creating a new SqlSession
SqlSession [org.apache.ibatis.session.defaults.DefaultSqlSession@64eb5f76] was not registered for synchronization because synchronization is not active
JDBC Connection [HikariProxyConnection@541662822 wrapping com.mysql.cj.jdbc.ConnectionImpl@7f028b35] will not be managed by Spring
==>  Preparing: SELECT COUNT( * ) AS total FROM after_sale WHERE (order_id = ? AND id < ?)
==> Parameters: 36(Long), 3(Long)
<==    Columns: total
<==        Row: 0
<==      Total: 1
Closing non transactional SqlSession [org.apache.ibatis.session.defaults.DefaultSqlSession@64eb5f76]
Creating a new SqlSession
SqlSession [org.apache.ibatis.session.defaults.DefaultSqlSession@6aa6e118] was not registered for synchronization because synchronization is not active
JDBC Connection [HikariProxyConnection@1409815509 wrapping com.mysql.cj.jdbc.ConnectionImpl@7f028b35] will not be managed by Spring
==>  Preparing: SELECT COUNT( * ) AS total FROM after_sale WHERE (order_id = ? AND id < ?)
==> Parameters: 34(Long), 2(Long)
<==    Columns: total
<==        Row: 0
<==      Total: 1
Closing non transactional SqlSession [org.apache.ibatis.session.defaults.DefaultSqlSession@6aa6e118]
Creating a new SqlSession
SqlSession [org.apache.ibatis.session.defaults.DefaultSqlSession@70f5e0c0] was not registered for synchronization because synchronization is not active
JDBC Connection [HikariProxyConnection@755397095 wrapping com.mysql.cj.jdbc.ConnectionImpl@7f028b35] will not be managed by Spring
==>  Preparing: SELECT COUNT( * ) AS total FROM after_sale WHERE (order_id = ? AND id < ?)
==> Parameters: 33(Long), 1(Long)
<==    Columns: total
<==        Row: 0
<==      Total: 1
Closing non transactional SqlSession [org.apache.ibatis.session.defaults.DefaultSqlSession@70f5e0c0]
Creating a new SqlSession
SqlSession [org.apache.ibatis.session.defaults.DefaultSqlSession@588cf0c0] was not registered for synchronization because synchronization is not active
JDBC Connection [HikariProxyConnection@371737426 wrapping com.mysql.cj.jdbc.ConnectionImpl@7f028b35] will not be managed by Spring
==>  Preparing: SELECT COUNT(*) AS total FROM complaint
==> Parameters: 
<==    Columns: total
<==        Row: 1
<==      Total: 1
==>  Preparing: SELECT id,user_id,merchant_id,order_id,type,content,images,status,admin_reply,create_time,update_time FROM complaint ORDER BY create_time DESC LIMIT ?
==> Parameters: 10(Long)
<==    Columns: id, user_id, merchant_id, order_id, type, content, images, status, admin_reply, create_time, update_time
<==        Row: 1, 61, 1, 37, 1, <<BLOB>>, , 1, <<BLOB>>, 2026-05-15 15:09:10, 2026-05-15 15:09:10
<==      Total: 1
Closing non transactional SqlSession [org.apache.ibatis.session.defaults.DefaultSqlSession@588cf0c0]
Creating a new SqlSession
SqlSession [org.apache.ibatis.session.defaults.DefaultSqlSession@47b86e77] was not registered for synchronization because synchronization is not active
JDBC Connection [HikariProxyConnection@820577290 wrapping com.mysql.cj.jdbc.ConnectionImpl@7f028b35] will not be managed by Spring
==>  Preparing: SELECT id,title,image_url,link_url,sort,status,create_time,update_time FROM banner ORDER BY sort ASC,create_time DESC
==> Parameters: 
<==    Columns: id, title, image_url, link_url, sort, status, create_time, update_time
<==        Row: 4, 1232, /uploads/2026/05/15/96efcb0efdac491b985dcfb4210474ac.jpg, , 0, 1, 2026-05-15 15:32:24, 2026-05-15 15:32:24
<==        Row: 1, 临期特惠 低至1折, https://picsum.photos/1440/460?random=1, /products?expiryStatus=1, 1, 1, 2026-04-24 16:25:18, 2026-04-24 16:25:18
<==        Row: 2, 新品上架 品质严选, https://picsum.photos/1440/460?random=2, /products, 2, 1, 2026-04-24 16:25:18, 2026-04-24 16:25:18
<==        Row: 3, 热销排行 人气好货, https://picsum.photos/1440/460?random=3, /products?sortField=sales&sortOrder=desc, 3, 1, 2026-04-24 16:25:18, 2026-04-24 16:25:18
<==      Total: 4
Closing non transactional SqlSession [org.apache.ibatis.session.defaults.DefaultSqlSession@47b86e77]
Creating a new SqlSession
SqlSession [org.apache.ibatis.session.defaults.DefaultSqlSession@7f041c32] was not registered for synchronization because synchronization is not active
JDBC Connection [HikariProxyConnection@170099503 wrapping com.mysql.cj.jdbc.ConnectionImpl@7f028b35] will not be managed by Spring
==>  Preparing: SELECT id,title,content,status,create_time,update_time FROM announcement ORDER BY create_time DESC
==> Parameters: 
<==    Columns: id, title, content, status, create_time, update_time
<==        Row: 1, 平台上线公告, <<BLOB>>, 1, 2026-04-24 16:25:18, 2026-04-24 16:25:18
<==        Row: 2, 五一特惠活动, <<BLOB>>, 1, 2026-04-24 16:25:18, 2026-04-24 16:25:18
<==        Row: 3, 食品安全承诺, <<BLOB>>, 1, 2026-04-24 16:25:18, 2026-04-24 16:25:18
<==        Row: 4, 配送服务升级, <<BLOB>>, 1, 2026-04-24 16:25:18, 2026-04-24 16:25:18
<==      Total: 4
Closing non transactional SqlSession [org.apache.ibatis.session.defaults.DefaultSqlSession@7f041c32]
Creating a new SqlSession
SqlSession [org.apache.ibatis.session.defaults.DefaultSqlSession@2cdcd1e3] was not registered for synchronization because synchronization is not active
JDBC Connection [HikariProxyConnection@159956055 wrapping com.mysql.cj.jdbc.ConnectionImpl@7f028b35] will not be managed by Spring
==>  Preparing: SELECT id,title,content,status,create_time,update_time FROM announcement ORDER BY create_time DESC
==> Parameters: 
<==    Columns: id, title, content, status, create_time, update_time
<==        Row: 1, 平台上线公告, <<BLOB>>, 1, 2026-04-24 16:25:18, 2026-04-24 16:25:18
<==        Row: 2, 五一特惠活动, <<BLOB>>, 1, 2026-04-24 16:25:18, 2026-04-24 16:25:18
<==        Row: 3, 食品安全承诺, <<BLOB>>, 1, 2026-04-24 16:25:18, 2026-04-24 16:25:18
<==        Row: 4, 配送服务升级, <<BLOB>>, 1, 2026-04-24 16:25:18, 2026-04-24 16:25:18
<==      Total: 4
Closing non transactional SqlSession [org.apache.ibatis.session.defaults.DefaultSqlSession@2cdcd1e3]
Creating a new SqlSession
SqlSession [org.apache.ibatis.session.defaults.DefaultSqlSession@55bd6c4a] was not registered for synchronization because synchronization is not active
JDBC Connection [HikariProxyConnection@708954375 wrapping com.mysql.cj.jdbc.ConnectionImpl@7f028b35] will not be managed by Spring
==>  Preparing: SELECT id,title,image_url,link_url,sort,status,create_time,update_time FROM banner ORDER BY sort ASC,create_time DESC
==> Parameters: 
<==    Columns: id, title, image_url, link_url, sort, status, create_time, update_time
<==        Row: 4, 1232, /uploads/2026/05/15/96efcb0efdac491b985dcfb4210474ac.jpg, , 0, 1, 2026-05-15 15:32:24, 2026-05-15 15:32:24
<==        Row: 1, 临期特惠 低至1折, https://picsum.photos/1440/460?random=1, /products?expiryStatus=1, 1, 1, 2026-04-24 16:25:18, 2026-04-24 16:25:18
<==        Row: 2, 新品上架 品质严选, https://picsum.photos/1440/460?random=2, /products, 2, 1, 2026-04-24 16:25:18, 2026-04-24 16:25:18
<==        Row: 3, 热销排行 人气好货, https://picsum.photos/1440/460?random=3, /products?sortField=sales&sortOrder=desc, 3, 1, 2026-04-24 16:25:18, 2026-04-24 16:25:18
<==      Total: 4
Closing non transactional SqlSession [org.apache.ibatis.session.defaults.DefaultSqlSession@55bd6c4a]
Creating a new SqlSession
SqlSession [org.apache.ibatis.session.defaults.DefaultSqlSession@6f7ac000] was not registered for synchronization because synchronization is not active
JDBC Connection [HikariProxyConnection@374982488 wrapping com.mysql.cj.jdbc.ConnectionImpl@7f028b35] will not be managed by Spring
==>  Preparing: SELECT id,title,content,status,create_time,update_time FROM announcement ORDER BY create_time DESC
==> Parameters: 
<==    Columns: id, title, content, status, create_time, update_time
<==        Row: 1, 平台上线公告, <<BLOB>>, 1, 2026-04-24 16:25:18, 2026-04-24 16:25:18
<==        Row: 2, 五一特惠活动, <<BLOB>>, 1, 2026-04-24 16:25:18, 2026-04-24 16:25:18
<==        Row: 3, 食品安全承诺, <<BLOB>>, 1, 2026-04-24 16:25:18, 2026-04-24 16:25:18
<==        Row: 4, 配送服务升级, <<BLOB>>, 1, 2026-04-24 16:25:18, 2026-04-24 16:25:18
<==      Total: 4
Closing non transactional SqlSession [org.apache.ibatis.session.defaults.DefaultSqlSession@6f7ac000]
Creating a new SqlSession
SqlSession [org.apache.ibatis.session.defaults.DefaultSqlSession@515e0168] was not registered for synchronization because synchronization is not active
JDBC Connection [HikariProxyConnection@250746979 wrapping com.mysql.cj.jdbc.ConnectionImpl@7f028b35] will not be managed by Spring
==>  Preparing: SELECT id,title,image_url,link_url,sort,status,create_time,update_time FROM banner WHERE (status = ?) ORDER BY sort ASC
==> Parameters: 1(Integer)
<==    Columns: id, title, image_url, link_url, sort, status, create_time, update_time
<==        Row: 4, 1232, /uploads/2026/05/15/96efcb0efdac491b985dcfb4210474ac.jpg, , 0, 1, 2026-05-15 15:32:24, 2026-05-15 15:32:24
<==        Row: 1, 临期特惠 低至1折, https://picsum.photos/1440/460?random=1, /products?expiryStatus=1, 1, 1, 2026-04-24 16:25:18, 2026-04-24 16:25:18
<==        Row: 2, 新品上架 品质严选, https://picsum.photos/1440/460?random=2, /products, 2, 1, 2026-04-24 16:25:18, 2026-04-24 16:25:18
<==        Row: 3, 热销排行 人气好货, https://picsum.photos/1440/460?random=3, /products?sortField=sales&sortOrder=desc, 3, 1, 2026-04-24 16:25:18, 2026-04-24 16:25:18
<==      Total: 4
Closing non transactional SqlSession [org.apache.ibatis.session.defaults.DefaultSqlSession@515e0168]
Creating a new SqlSession
SqlSession [org.apache.ibatis.session.defaults.DefaultSqlSession@4e97641d] was not registered for synchronization because synchronization is not active
JDBC Connection [HikariProxyConnection@452041806 wrapping com.mysql.cj.jdbc.ConnectionImpl@7f028b35] will not be managed by Spring
==>  Preparing: SELECT id,name,icon,sort,parent_id,status,create_time,update_time FROM category WHERE (status = ?) ORDER BY sort ASC,create_time DESC
==> Parameters: 1(Integer)
<==    Columns: id, name, icon, sort, parent_id, status, create_time, update_time
<==        Row: 1, 休闲零食, null, 1, 0, 1, 2026-04-24 15:43:42, 2026-04-24 15:43:42
<==        Row: 2, 饮料冲调, null, 2, 0, 1, 2026-04-24 15:43:42, 2026-04-24 15:43:42
<==        Row: 3, 粮油调味, null, 3, 0, 1, 2026-04-24 15:43:42, 2026-04-24 15:43:42
<==        Row: 4, 方便速食, null, 4, 0, 1, 2026-04-24 15:43:42, 2026-04-24 15:43:42
<==        Row: 5, 乳制品, null, 5, 0, 1, 2026-04-24 15:43:42, 2026-04-24 15:43:42
<==        Row: 6, 饼干糕点, null, 6, 0, 1, 2026-04-24 15:43:42, 2026-04-24 15:43:42
<==        Row: 7, 糖果巧克力, null, 7, 0, 1, 2026-04-24 15:43:42, 2026-04-24 15:43:42
<==        Row: 8, 进口食品, null, 8, 0, 1, 2026-04-24 15:43:42, 2026-04-24 15:43:42
<==      Total: 8
Closing non transactional SqlSession [org.apache.ibatis.session.defaults.DefaultSqlSession@4e97641d]
Creating a new SqlSession
SqlSession [org.apache.ibatis.session.defaults.DefaultSqlSession@77d36434] was not registered for synchronization because synchronization is not active
JDBC Connection [HikariProxyConnection@1931245423 wrapping com.mysql.cj.jdbc.ConnectionImpl@7f028b35] will not be managed by Spring
==>  Preparing: SELECT COUNT(*) AS total FROM product WHERE (status = ? AND audit_status = ? AND expiry_status <> ? AND expiry_status = ?)
==> Parameters: 1(Integer), 1(Integer), 2(Integer), 1(Integer)
<==    Columns: total
<==        Row: 18
<==      Total: 1
==>  Preparing: SELECT id,merchant_id,category_id,name,description,price,original_price,stock,stock_warning,production_date,shelf_life_days,expiry_date,expiry_status,images,manufacturer,origin,license_no,quality_report_imgs,status,audit_status,sales,create_time,update_time FROM product WHERE (status = ? AND audit_status = ? AND expiry_status <> ? AND expiry_status = ?) ORDER BY expiry_date ASC LIMIT ?
==> Parameters: 1(Integer), 1(Integer), 2(Integer), 1(Integer), 10(Long)
<==    Columns: id, merchant_id, category_id, name, description, price, original_price, stock, stock_warning, production_date, shelf_life_days, expiry_date, expiry_status, images, manufacturer, origin, license_no, quality_report_imgs, status, audit_status, sales, create_time, update_time
<==        Row: 53, 1, 1, 来伊份 芒果干 120g, <<BLOB>>, 8.90, 22.00, 35, 10, 2026-01-15, 180, 2026-07-14, 1, /uploads/2026/07/09/2cf4349e23b54377876e46e21279af6e.png, 来伊份股份有限公司, 上海, SC10431010400545, null, 1, 1, 1450, 2026-04-24 16:25:18, 2026-05-19 17:41:35
<==        Row: 13, 5, 2, 星巴克 即饮咖啡 抹茶拿铁 270ml*6, <<BLOB>>, 38.00, 66.00, 45, 10, 2026-01-20, 180, 2026-07-19, 1, /uploads/2026/07/09/7cd2c1eb21de45fba8a2c4c1005a03ed.png, 星巴克咖啡公司, 美国, SC10611020400145, null, 1, 1, 1560, 2026-04-24 16:25:18, 2026-05-19 17:40:45
<==        Row: 54, 2, 5, 君乐宝 简醇 0添加蔗糖酸奶 250g*10, <<BLOB>>, 35.00, 59.90, 55, 10, 2026-03-25, 120, 2026-07-23, 1, /uploads/2026/07/09/756ee40572394d9988e42004389b6f1a.png, 石家庄君乐宝乳业有限公司, 河北石家庄, SC10513010100556, null, 1, 1, 3200, 2026-04-24 16:25:18, 2026-05-19 17:44:19
<==        Row: 7, 3, 1, 旺旺 仙贝 540g 家庭装, <<BLOB>>, 18.80, 38.00, 60, 10, 2025-10-01, 300, 2026-07-28, 1, /uploads/2026/07/09/642205ec1468425b918d77d9c8a2068b.png, 旺旺集团, 湖南长沙, SC10543010100078, null, 1, 1, 1800, 2026-04-24 16:25:18, 2026-05-19 17:41:42
<==        Row: 8, 1, 1, 盐津铺子 鱼豆腐 440g, <<BLOB>>, 16.01, 32.00, 1250, 10, 2026-02-01, 180, 2026-07-31, 1, /uploads/2026/07/09/d92bbf9ce44a4dfa973c693b9433be28.png, 盐津铺子食品股份有限公司, 湖南浏阳, SC10343012200090, null, 1, 1, 980, 2026-04-24 16:25:18, 2026-04-24 16:25:18
<==        Row: 24, 3, 4, 统一 老坛酸菜牛肉面 5连包, <<BLOB>>, 11.90, 20.00, 350, 10, 2026-02-15, 180, 2026-08-14, 1, /uploads/2026/07/09/973611b3e14c4aebbf5222ecb044cbe2.png, 统一企业(中国)投资有限公司, 北京, SC10111010400256, null, 1, 1, 12000, 2026-04-24 16:25:18, 2026-05-19 17:45:51
<==        Row: 32, 2, 5, 光明 莫斯利安 原味酸奶 200g*12, <<BLOB>>, 39.90, 65.00, 90, 10, 2026-03-20, 150, 2026-08-17, 1, /uploads/2026/07/09/490e7d6596f9493cac1d980d3fefb77e.png, 光明乳业股份有限公司, 上海, SC10531010400334, null, 1, 1, 6500, 2026-04-24 16:25:18, 2026-05-19 17:41:14
<==        Row: 3, 3, 1, 百草味 猪肉脯 200g, <<BLOB>>, 15.90, 35.90, 77, 10, 2026-02-20, 180, 2026-08-19, 1, /uploads/2026/07/09/04f030cbd2da487287e87a200c6d1be0.png, 百草味食品有限公司, 浙江杭州, SC10433010900789, null, 1, 1, 2103, 2026-04-24 16:25:18, 2026-07-09 14:40:34
<==        Row: 28, 3, 4, 阿宽 红油面皮 4连包, <<BLOB>>, 13.90, 24.00, 250, 10, 2026-02-28, 180, 2026-08-27, 1, /uploads/2026/07/09/fd7cefe317a34d229daa6f8493890bd0.png, 四川白家阿宽食品产业, 四川成都, SC10151010400290, null, 1, 1, 4300, 2026-04-24 16:25:18, 2026-05-19 17:40:57
<==        Row: 23, 3, 4, 康师傅 红烧牛肉面 5连包, <<BLOB>>, 11.50, 20.00, 400, 10, 2026-03-01, 180, 2026-08-28, 1, /uploads/2026/07/09/08d0fdb546d74ef18c9a8c6a81c2ef0b.png, 康师傅控股有限公司, 天津, SC10112010400245, null, 1, 1, 15000, 2026-04-24 16:25:18, 2026-05-19 17:44:12
<==      Total: 10
Closing non transactional SqlSession [org.apache.ibatis.session.defaults.DefaultSqlSession@77d36434]
Creating a new SqlSession
SqlSession [org.apache.ibatis.session.defaults.DefaultSqlSession@9fda932] was not registered for synchronization because synchronization is not active
JDBC Connection [HikariProxyConnection@228738149 wrapping com.mysql.cj.jdbc.ConnectionImpl@7f028b35] will not be managed by Spring
==>  Preparing: SELECT COUNT(*) AS total FROM product WHERE (status = ? AND audit_status = ? AND expiry_status <> ?)
==> Parameters: 1(Integer), 1(Integer), 2(Integer)
<==    Columns: total
<==        Row: 53
<==      Total: 1
==>  Preparing: SELECT id,merchant_id,category_id,name,description,price,original_price,stock,stock_warning,production_date,shelf_life_days,expiry_date,expiry_status,images,manufacturer,origin,license_no,quality_report_imgs,status,audit_status,sales,create_time,update_time FROM product WHERE (status = ? AND audit_status = ? AND expiry_status <> ?) ORDER BY create_time DESC LIMIT ?
==> Parameters: 1(Integer), 1(Integer), 2(Integer), 10(Long)
<==    Columns: id, merchant_id, category_id, name, description, price, original_price, stock, stock_warning, production_date, shelf_life_days, expiry_date, expiry_status, images, manufacturer, origin, license_no, quality_report_imgs, status, audit_status, sales, create_time, update_time
<==        Row: 2, 1, 1, 三只松鼠 碧根果 500g, <<BLOB>>, 19.90, 45.90, 150, 10, 2026-01-10, 270, 2026-10-07, 1, /uploads/2026/07/09/0dc7281d54524232a87b255067a371e9.png, 三只松鼠股份有限公司, 安徽芜湖, SC11934020200456, null, 1, 1, 1230, 2026-04-24 16:25:18, 2026-05-19 17:40:57
<==        Row: 3, 3, 1, 百草味 猪肉脯 200g, <<BLOB>>, 15.90, 35.90, 77, 10, 2026-02-20, 180, 2026-08-19, 1, /uploads/2026/07/09/04f030cbd2da487287e87a200c6d1be0.png, 百草味食品有限公司, 浙江杭州, SC10433010900789, null, 1, 1, 2103, 2026-04-24 16:25:18, 2026-07-09 14:40:34
<==        Row: 4, 3, 1, 卫龙 大面筋 106g*10包, <<BLOB>>, 12.80, 25.00, 500, 10, 2026-03-01, 240, 2026-10-27, 0, /uploads/2026/07/09/ce49295547704ec79f7569a98a3f0b4b.png, 卫龙美味全球控股, 河南漯河, SC10341110400012, null, 1, 1, 5680, 2026-04-24 16:25:18, 2026-05-19 17:45:51
<==        Row: 5, 1, 1, 洽洽 瓜子 308g 焦糖味, <<BLOB>>, 9.90, 18.90, 300, 10, 2026-01-05, 270, 2026-10-02, 1, /uploads/2026/07/09/8f7b9a5750c34821bf9a2d7155c7bba0.png, 洽洽食品股份有限公司, 安徽合肥, SC11834010100034, null, 1, 1, 3200, 2026-04-24 16:25:18, 2026-05-19 17:41:42
<==        Row: 6, 5, 1, 乐事 薯片 大波浪 原味 135g, <<BLOB>>, 7.50, 12.80, 399, 10, 2026-03-15, 180, 2026-09-11, 0, /uploads/2026/07/09/e0f4bc24f4bd49a18629dd20bf7ea3ea.png, 百事食品(中国)有限公司, 北京, SC10511010400056, null, 1, 1, 4501, 2026-04-24 16:25:18, 2026-05-19 17:41:42
<==        Row: 7, 3, 1, 旺旺 仙贝 540g 家庭装, <<BLOB>>, 18.80, 38.00, 60, 10, 2025-10-01, 300, 2026-07-28, 1, /uploads/2026/07/09/642205ec1468425b918d77d9c8a2068b.png, 旺旺集团, 湖南长沙, SC10543010100078, null, 1, 1, 1800, 2026-04-24 16:25:18, 2026-05-19 17:41:42
<==        Row: 8, 1, 1, 盐津铺子 鱼豆腐 440g, <<BLOB>>, 16.01, 32.00, 1250, 10, 2026-02-01, 180, 2026-07-31, 1, /uploads/2026/07/09/d92bbf9ce44a4dfa973c693b9433be28.png, 盐津铺子食品股份有限公司, 湖南浏阳, SC10343012200090, null, 1, 1, 980, 2026-04-24 16:25:18, 2026-04-24 16:25:18
<==        Row: 9, 2, 2, 农夫山泉 东方树叶 茉莉花茶 500ml*15, <<BLOB>>, 45.00, 75.00, 300, 10, 2026-02-10, 365, 2027-02-10, 0, /uploads/2026/07/09/113f1d41772546bbbd5d574a8f1b88a3.png, 农夫山泉股份有限公司, 浙江杭州, SC10633010900100, null, 1, 1, 6700, 2026-04-24 16:25:18, 2026-05-19 17:41:42
<==        Row: 10, 2, 2, 元气森林 白桃气泡水 480ml*12, <<BLOB>>, 49.90, 72.00, 200, 10, 2026-03-01, 270, 2026-11-26, 0, /uploads/2026/07/09/a81826bb791b4c0194ed5e3b0d726d9e.png, 元气森林(北京)食品科技集团, 北京, SC10611010400112, null, 1, 1, 8900, 2026-04-24 16:25:18, 2026-05-19 17:44:12
<==        Row: 11, 2, 2, 三得利 乌龙茶 500ml*18, <<BLOB>>, 55.00, 90.00, 97, 10, 2026-01-15, 365, 2027-01-15, 0, /uploads/2026/07/09/98e3ba80e5cf4951a33eb1a60aa3ed16.png, 三得利(中国)投资有限公司, 上海, SC10631010400123, null, 1, 1, 4203, 2026-04-24 16:25:18, 2026-07-09 15:42:19
<==      Total: 10
Closing non transactional SqlSession [org.apache.ibatis.session.defaults.DefaultSqlSession@9fda932]
Creating a new SqlSession
SqlSession [org.apache.ibatis.session.defaults.DefaultSqlSession@652e1f9b] was not registered for synchronization because synchronization is not active
JDBC Connection [HikariProxyConnection@974420608 wrapping com.mysql.cj.jdbc.ConnectionImpl@7f028b35] will not be managed by Spring
==>  Preparing: SELECT COUNT(*) AS total FROM product WHERE (status = ? AND audit_status = ? AND expiry_status <> ?)
==> Parameters: 1(Integer), 1(Integer), 2(Integer)
<==    Columns: total
<==        Row: 53
<==      Total: 1
==>  Preparing: SELECT id,merchant_id,category_id,name,description,price,original_price,stock,stock_warning,production_date,shelf_life_days,expiry_date,expiry_status,images,manufacturer,origin,license_no,quality_report_imgs,status,audit_status,sales,create_time,update_time FROM product WHERE (status = ? AND audit_status = ? AND expiry_status <> ?) ORDER BY sales DESC LIMIT ?
==> Parameters: 1(Integer), 1(Integer), 2(Integer), 10(Long)
<==    Columns: id, merchant_id, category_id, name, description, price, original_price, stock, stock_warning, production_date, shelf_life_days, expiry_date, expiry_status, images, manufacturer, origin, license_no, quality_report_imgs, status, audit_status, sales, create_time, update_time
<==        Row: 23, 3, 4, 康师傅 红烧牛肉面 5连包, <<BLOB>>, 11.50, 20.00, 400, 10, 2026-03-01, 180, 2026-08-28, 1, /uploads/2026/07/09/08d0fdb546d74ef18c9a8c6a81c2ef0b.png, 康师傅控股有限公司, 天津, SC10112010400245, null, 1, 1, 15000, 2026-04-24 16:25:18, 2026-05-19 17:44:12
<==        Row: 14, 2, 2, 康师傅 冰红茶 500ml*15, <<BLOB>>, 28.00, 45.00, 350, 10, 2026-03-10, 365, 2027-03-10, 0, /uploads/2026/07/09/9b324b9799bd48e0b312db0d2e150555.png, 康师傅控股有限公司, 天津, SC10612010400156, null, 1, 1, 12000, 2026-04-24 16:25:18, 2026-06-30 14:21:33
<==        Row: 24, 3, 4, 统一 老坛酸菜牛肉面 5连包, <<BLOB>>, 11.90, 20.00, 350, 10, 2026-02-15, 180, 2026-08-14, 1, /uploads/2026/07/09/973611b3e14c4aebbf5222ecb044cbe2.png, 统一企业(中国)投资有限公司, 北京, SC10111010400256, null, 1, 1, 12000, 2026-04-24 16:25:18, 2026-05-19 17:45:51
<==        Row: 31, 2, 5, 伊利 安慕希 原味酸奶 205g*12, <<BLOB>>, 45.00, 69.90, 120, 10, 2026-04-01, 150, 2026-08-29, 0, /uploads/2026/07/09/8a0708c4c69a46e0b0e50395837ae1a7.png, 内蒙古伊利实业集团, 内蒙古呼和浩特, SC10515010100323, null, 1, 1, 11000, 2026-04-24 16:25:18, 2026-05-19 17:41:14
<==        Row: 30, 2, 5, 蒙牛 特仑苏 纯牛奶 250ml*12, <<BLOB>>, 49.90, 79.90, 150, 10, 2026-03-15, 180, 2026-09-11, 1, /uploads/2026/05/19/product_30_51425b361ef54d068c104e7cf8ebc87e.jpg, 蒙牛乳业(集团)股份有限公司, 内蒙古呼和浩特, SC10515010100312, null, 1, 1, 9200, 2026-04-24 16:25:18, 2026-05-19 17:40:57
<==        Row: 10, 2, 2, 元气森林 白桃气泡水 480ml*12, <<BLOB>>, 49.90, 72.00, 200, 10, 2026-03-01, 270, 2026-11-26, 0, /uploads/2026/07/09/a81826bb791b4c0194ed5e3b0d726d9e.png, 元气森林(北京)食品科技集团, 北京, SC10611010400112, null, 1, 1, 8900, 2026-04-24 16:25:18, 2026-05-19 17:44:12
<==        Row: 55, 3, 4, 白象 大骨面 香辣牛骨味 5连包, <<BLOB>>, 9.90, 18.00, 280, 10, 2026-03-05, 180, 2026-09-01, 1, /uploads/2026/07/09/cc2736ae87d6493bb1c0d3f494412ef2.png, 白象食品集团, 河南郑州, SC10141010400567, null, 1, 1, 8900, 2026-04-24 16:25:18, 2026-05-19 17:41:35
<==        Row: 35, 1, 6, 奥利奥 夹心饼干 原味 388g, <<BLOB>>, 12.90, 22.00, 300, 10, 2026-02-10, 365, 2027-02-10, 0, /uploads/2026/07/09/d60e75c55d51445e8bd9b938961e7300.png, 亿滋食品(中国)有限公司, 北京, SC10411010400367, null, 1, 1, 8900, 2026-04-24 16:25:18, 2026-05-19 17:41:14
<==        Row: 34, 2, 5, 认养一头牛 全脂纯牛奶 250ml*12, <<BLOB>>, 39.00, 59.90, 200, 10, 2026-03-01, 180, 2026-08-28, 1, /uploads/2026/07/09/5ac5ac2bb87049a49fc0364defcbb65c.png, 认养一头牛控股集团, 河北张家口, SC10513010100356, null, 1, 1, 7800, 2026-04-24 16:25:18, 2026-05-19 17:41:14
<==        Row: 27, 1, 4, 螺霸王 螺蛳粉 330g*3, <<BLOB>>, 25.80, 42.00, 200, 10, 2026-03-10, 180, 2026-09-06, 1, /uploads/2026/07/09/f2ae866cf9f34e719c92018c513a99cd.png, 柳州市螺霸王食品, 广西柳州, SC10145020100289, null, 1, 1, 7800, 2026-04-24 16:25:18, 2026-04-24 16:25:18
<==      Total: 10
Closing non transactional SqlSession [org.apache.ibatis.session.defaults.DefaultSqlSession@652e1f9b]
Creating a new SqlSession
SqlSession [org.apache.ibatis.session.defaults.DefaultSqlSession@8f42f46] was not registered for synchronization because synchronization is not active
JDBC Connection [HikariProxyConnection@1154629643 wrapping com.mysql.cj.jdbc.ConnectionImpl@7f028b35] will not be managed by Spring
==>  Preparing: SELECT id,username,password,nickname,phone,email,avatar,status,create_time,update_time FROM user WHERE (username = ?)
==> Parameters: cxl(String)
<==    Columns: id, username, password, nickname, phone, email, avatar, status, create_time, update_time
<==        Row: 62, cxl, dd4b21e9ef71e1291183a46b913ae6f2, cxl, 15691450197, null, null, 1, 2026-07-09 14:24:55, 2026-07-09 14:24:55
<==      Total: 1
Closing non transactional SqlSession [org.apache.ibatis.session.defaults.DefaultSqlSession@8f42f46]
Creating a new SqlSession
SqlSession [org.apache.ibatis.session.defaults.DefaultSqlSession@59b09815] was not registered for synchronization because synchronization is not active
JDBC Connection [HikariProxyConnection@1733390421 wrapping com.mysql.cj.jdbc.ConnectionImpl@7f028b35] will not be managed by Spring
==>  Preparing: SELECT id,title,image_url,link_url,sort,status,create_time,update_time FROM banner WHERE (status = ?) ORDER BY sort ASC
==> Parameters: 1(Integer)
<==    Columns: id, title, image_url, link_url, sort, status, create_time, update_time
<==        Row: 4, 1232, /uploads/2026/05/15/96efcb0efdac491b985dcfb4210474ac.jpg, , 0, 1, 2026-05-15 15:32:24, 2026-05-15 15:32:24
<==        Row: 1, 临期特惠 低至1折, https://picsum.photos/1440/460?random=1, /products?expiryStatus=1, 1, 1, 2026-04-24 16:25:18, 2026-04-24 16:25:18
<==        Row: 2, 新品上架 品质严选, https://picsum.photos/1440/460?random=2, /products, 2, 1, 2026-04-24 16:25:18, 2026-04-24 16:25:18
<==        Row: 3, 热销排行 人气好货, https://picsum.photos/1440/460?random=3, /products?sortField=sales&sortOrder=desc, 3, 1, 2026-04-24 16:25:18, 2026-04-24 16:25:18
<==      Total: 4
Closing non transactional SqlSession [org.apache.ibatis.session.defaults.DefaultSqlSession@59b09815]
Creating a new SqlSession
SqlSession [org.apache.ibatis.session.defaults.DefaultSqlSession@35b2b35] was not registered for synchronization because synchronization is not active
JDBC Connection [HikariProxyConnection@1190277191 wrapping com.mysql.cj.jdbc.ConnectionImpl@7f028b35] will not be managed by Spring
==>  Preparing: SELECT COUNT( * ) AS total FROM chat_message WHERE (receiver_id = ? AND receiver_type = ? AND is_read = ?)
==> Parameters: 62(Long), 1(Integer), 0(Integer)
Creating a new SqlSession
SqlSession [org.apache.ibatis.session.defaults.DefaultSqlSession@7d79d7de] was not registered for synchronization because synchronization is not active
JDBC Connection [HikariProxyConnection@955339136 wrapping com.mysql.cj.jdbc.ConnectionImpl@692e6409] will not be managed by Spring
==>  Preparing: SELECT id,name,icon,sort,parent_id,status,create_time,update_time FROM category WHERE (status = ?) ORDER BY sort ASC,create_time DESC
==> Parameters: 1(Integer)
<==    Columns: id, name, icon, sort, parent_id, status, create_time, update_time
<==        Row: 1, 休闲零食, null, 1, 0, 1, 2026-04-24 15:43:42, 2026-04-24 15:43:42
<==        Row: 2, 饮料冲调, null, 2, 0, 1, 2026-04-24 15:43:42, 2026-04-24 15:43:42
<==        Row: 3, 粮油调味, null, 3, 0, 1, 2026-04-24 15:43:42, 2026-04-24 15:43:42
<==        Row: 4, 方便速食, null, 4, 0, 1, 2026-04-24 15:43:42, 2026-04-24 15:43:42
<==        Row: 5, 乳制品, null, 5, 0, 1, 2026-04-24 15:43:42, 2026-04-24 15:43:42
<==        Row: 6, 饼干糕点, null, 6, 0, 1, 2026-04-24 15:43:42, 2026-04-24 15:43:42
<==        Row: 7, 糖果巧克力, null, 7, 0, 1, 2026-04-24 15:43:42, 2026-04-24 15:43:42
<==        Row: 8, 进口食品, null, 8, 0, 1, 2026-04-24 15:43:42, 2026-04-24 15:43:42
<==      Total: 8
Closing non transactional SqlSession [org.apache.ibatis.session.defaults.DefaultSqlSession@7d79d7de]
<==    Columns: total
<==        Row: 0
<==      Total: 1
Closing non transactional SqlSession [org.apache.ibatis.session.defaults.DefaultSqlSession@35b2b35]
Creating a new SqlSession
SqlSession [org.apache.ibatis.session.defaults.DefaultSqlSession@5c84450d] was not registered for synchronization because synchronization is not active
JDBC Connection [HikariProxyConnection@393323755 wrapping com.mysql.cj.jdbc.ConnectionImpl@7f028b35] will not be managed by Spring
==>  Preparing: SELECT COUNT(*) AS total FROM product WHERE (status = ? AND audit_status = ? AND expiry_status <> ? AND expiry_status = ?)
==> Parameters: 1(Integer), 1(Integer), 2(Integer), 1(Integer)
<==    Columns: total
<==        Row: 18
<==      Total: 1
==>  Preparing: SELECT id,merchant_id,category_id,name,description,price,original_price,stock,stock_warning,production_date,shelf_life_days,expiry_date,expiry_status,images,manufacturer,origin,license_no,quality_report_imgs,status,audit_status,sales,create_time,update_time FROM product WHERE (status = ? AND audit_status = ? AND expiry_status <> ? AND expiry_status = ?) ORDER BY expiry_date ASC LIMIT ?
==> Parameters: 1(Integer), 1(Integer), 2(Integer), 1(Integer), 10(Long)
<==    Columns: id, merchant_id, category_id, name, description, price, original_price, stock, stock_warning, production_date, shelf_life_days, expiry_date, expiry_status, images, manufacturer, origin, license_no, quality_report_imgs, status, audit_status, sales, create_time, update_time
<==        Row: 53, 1, 1, 来伊份 芒果干 120g, <<BLOB>>, 8.90, 22.00, 35, 10, 2026-01-15, 180, 2026-07-14, 1, /uploads/2026/07/09/2cf4349e23b54377876e46e21279af6e.png, 来伊份股份有限公司, 上海, SC10431010400545, null, 1, 1, 1450, 2026-04-24 16:25:18, 2026-05-19 17:41:35
<==        Row: 13, 5, 2, 星巴克 即饮咖啡 抹茶拿铁 270ml*6, <<BLOB>>, 38.00, 66.00, 45, 10, 2026-01-20, 180, 2026-07-19, 1, /uploads/2026/07/09/7cd2c1eb21de45fba8a2c4c1005a03ed.png, 星巴克咖啡公司, 美国, SC10611020400145, null, 1, 1, 1560, 2026-04-24 16:25:18, 2026-05-19 17:40:45
<==        Row: 54, 2, 5, 君乐宝 简醇 0添加蔗糖酸奶 250g*10, <<BLOB>>, 35.00, 59.90, 55, 10, 2026-03-25, 120, 2026-07-23, 1, /uploads/2026/07/09/756ee40572394d9988e42004389b6f1a.png, 石家庄君乐宝乳业有限公司, 河北石家庄, SC10513010100556, null, 1, 1, 3200, 2026-04-24 16:25:18, 2026-05-19 17:44:19
<==        Row: 7, 3, 1, 旺旺 仙贝 540g 家庭装, <<BLOB>>, 18.80, 38.00, 60, 10, 2025-10-01, 300, 2026-07-28, 1, /uploads/2026/07/09/642205ec1468425b918d77d9c8a2068b.png, 旺旺集团, 湖南长沙, SC10543010100078, null, 1, 1, 1800, 2026-04-24 16:25:18, 2026-05-19 17:41:42
<==        Row: 8, 1, 1, 盐津铺子 鱼豆腐 440g, <<BLOB>>, 16.01, 32.00, 1250, 10, 2026-02-01, 180, 2026-07-31, 1, /uploads/2026/07/09/d92bbf9ce44a4dfa973c693b9433be28.png, 盐津铺子食品股份有限公司, 湖南浏阳, SC10343012200090, null, 1, 1, 980, 2026-04-24 16:25:18, 2026-04-24 16:25:18
<==        Row: 24, 3, 4, 统一 老坛酸菜牛肉面 5连包, <<BLOB>>, 11.90, 20.00, 350, 10, 2026-02-15, 180, 2026-08-14, 1, /uploads/2026/07/09/973611b3e14c4aebbf5222ecb044cbe2.png, 统一企业(中国)投资有限公司, 北京, SC10111010400256, null, 1, 1, 12000, 2026-04-24 16:25:18, 2026-05-19 17:45:51
<==        Row: 32, 2, 5, 光明 莫斯利安 原味酸奶 200g*12, <<BLOB>>, 39.90, 65.00, 90, 10, 2026-03-20, 150, 2026-08-17, 1, /uploads/2026/07/09/490e7d6596f9493cac1d980d3fefb77e.png, 光明乳业股份有限公司, 上海, SC10531010400334, null, 1, 1, 6500, 2026-04-24 16:25:18, 2026-05-19 17:41:14
<==        Row: 3, 3, 1, 百草味 猪肉脯 200g, <<BLOB>>, 15.90, 35.90, 77, 10, 2026-02-20, 180, 2026-08-19, 1, /uploads/2026/07/09/04f030cbd2da487287e87a200c6d1be0.png, 百草味食品有限公司, 浙江杭州, SC10433010900789, null, 1, 1, 2103, 2026-04-24 16:25:18, 2026-07-09 14:40:34
<==        Row: 28, 3, 4, 阿宽 红油面皮 4连包, <<BLOB>>, 13.90, 24.00, 250, 10, 2026-02-28, 180, 2026-08-27, 1, /uploads/2026/07/09/fd7cefe317a34d229daa6f8493890bd0.png, 四川白家阿宽食品产业, 四川成都, SC10151010400290, null, 1, 1, 4300, 2026-04-24 16:25:18, 2026-05-19 17:40:57
<==        Row: 23, 3, 4, 康师傅 红烧牛肉面 5连包, <<BLOB>>, 11.50, 20.00, 400, 10, 2026-03-01, 180, 2026-08-28, 1, /uploads/2026/07/09/08d0fdb546d74ef18c9a8c6a81c2ef0b.png, 康师傅控股有限公司, 天津, SC10112010400245, null, 1, 1, 15000, 2026-04-24 16:25:18, 2026-05-19 17:44:12
<==      Total: 10
Closing non transactional SqlSession [org.apache.ibatis.session.defaults.DefaultSqlSession@5c84450d]
Creating a new SqlSession
SqlSession [org.apache.ibatis.session.defaults.DefaultSqlSession@790a10ee] was not registered for synchronization because synchronization is not active
JDBC Connection [HikariProxyConnection@1682493882 wrapping com.mysql.cj.jdbc.ConnectionImpl@7f028b35] will not be managed by Spring
==>  Preparing: SELECT COUNT(*) AS total FROM product WHERE (status = ? AND audit_status = ? AND expiry_status <> ?)
==> Parameters: 1(Integer), 1(Integer), 2(Integer)
<==    Columns: total
<==        Row: 53
<==      Total: 1
==>  Preparing: SELECT id,merchant_id,category_id,name,description,price,original_price,stock,stock_warning,production_date,shelf_life_days,expiry_date,expiry_status,images,manufacturer,origin,license_no,quality_report_imgs,status,audit_status,sales,create_time,update_time FROM product WHERE (status = ? AND audit_status = ? AND expiry_status <> ?) ORDER BY create_time DESC LIMIT ?
==> Parameters: 1(Integer), 1(Integer), 2(Integer), 10(Long)
<==    Columns: id, merchant_id, category_id, name, description, price, original_price, stock, stock_warning, production_date, shelf_life_days, expiry_date, expiry_status, images, manufacturer, origin, license_no, quality_report_imgs, status, audit_status, sales, create_time, update_time
<==        Row: 2, 1, 1, 三只松鼠 碧根果 500g, <<BLOB>>, 19.90, 45.90, 150, 10, 2026-01-10, 270, 2026-10-07, 1, /uploads/2026/07/09/0dc7281d54524232a87b255067a371e9.png, 三只松鼠股份有限公司, 安徽芜湖, SC11934020200456, null, 1, 1, 1230, 2026-04-24 16:25:18, 2026-05-19 17:40:57
<==        Row: 3, 3, 1, 百草味 猪肉脯 200g, <<BLOB>>, 15.90, 35.90, 77, 10, 2026-02-20, 180, 2026-08-19, 1, /uploads/2026/07/09/04f030cbd2da487287e87a200c6d1be0.png, 百草味食品有限公司, 浙江杭州, SC10433010900789, null, 1, 1, 2103, 2026-04-24 16:25:18, 2026-07-09 14:40:34
<==        Row: 4, 3, 1, 卫龙 大面筋 106g*10包, <<BLOB>>, 12.80, 25.00, 500, 10, 2026-03-01, 240, 2026-10-27, 0, /uploads/2026/07/09/ce49295547704ec79f7569a98a3f0b4b.png, 卫龙美味全球控股, 河南漯河, SC10341110400012, null, 1, 1, 5680, 2026-04-24 16:25:18, 2026-05-19 17:45:51
<==        Row: 5, 1, 1, 洽洽 瓜子 308g 焦糖味, <<BLOB>>, 9.90, 18.90, 300, 10, 2026-01-05, 270, 2026-10-02, 1, /uploads/2026/07/09/8f7b9a5750c34821bf9a2d7155c7bba0.png, 洽洽食品股份有限公司, 安徽合肥, SC11834010100034, null, 1, 1, 3200, 2026-04-24 16:25:18, 2026-05-19 17:41:42
<==        Row: 6, 5, 1, 乐事 薯片 大波浪 原味 135g, <<BLOB>>, 7.50, 12.80, 399, 10, 2026-03-15, 180, 2026-09-11, 0, /uploads/2026/07/09/e0f4bc24f4bd49a18629dd20bf7ea3ea.png, 百事食品(中国)有限公司, 北京, SC10511010400056, null, 1, 1, 4501, 2026-04-24 16:25:18, 2026-05-19 17:41:42
<==        Row: 7, 3, 1, 旺旺 仙贝 540g 家庭装, <<BLOB>>, 18.80, 38.00, 60, 10, 2025-10-01, 300, 2026-07-28, 1, /uploads/2026/07/09/642205ec1468425b918d77d9c8a2068b.png, 旺旺集团, 湖南长沙, SC10543010100078, null, 1, 1, 1800, 2026-04-24 16:25:18, 2026-05-19 17:41:42
<==        Row: 8, 1, 1, 盐津铺子 鱼豆腐 440g, <<BLOB>>, 16.01, 32.00, 1250, 10, 2026-02-01, 180, 2026-07-31, 1, /uploads/2026/07/09/d92bbf9ce44a4dfa973c693b9433be28.png, 盐津铺子食品股份有限公司, 湖南浏阳, SC10343012200090, null, 1, 1, 980, 2026-04-24 16:25:18, 2026-04-24 16:25:18
<==        Row: 9, 2, 2, 农夫山泉 东方树叶 茉莉花茶 500ml*15, <<BLOB>>, 45.00, 75.00, 300, 10, 2026-02-10, 365, 2027-02-10, 0, /uploads/2026/07/09/113f1d41772546bbbd5d574a8f1b88a3.png, 农夫山泉股份有限公司, 浙江杭州, SC10633010900100, null, 1, 1, 6700, 2026-04-24 16:25:18, 2026-05-19 17:41:42
<==        Row: 10, 2, 2, 元气森林 白桃气泡水 480ml*12, <<BLOB>>, 49.90, 72.00, 200, 10, 2026-03-01, 270, 2026-11-26, 0, /uploads/2026/07/09/a81826bb791b4c0194ed5e3b0d726d9e.png, 元气森林(北京)食品科技集团, 北京, SC10611010400112, null, 1, 1, 8900, 2026-04-24 16:25:18, 2026-05-19 17:44:12
<==        Row: 11, 2, 2, 三得利 乌龙茶 500ml*18, <<BLOB>>, 55.00, 90.00, 97, 10, 2026-01-15, 365, 2027-01-15, 0, /uploads/2026/07/09/98e3ba80e5cf4951a33eb1a60aa3ed16.png, 三得利(中国)投资有限公司, 上海, SC10631010400123, null, 1, 1, 4203, 2026-04-24 16:25:18, 2026-07-09 15:42:19
<==      Total: 10
Closing non transactional SqlSession [org.apache.ibatis.session.defaults.DefaultSqlSession@790a10ee]
Creating a new SqlSession
SqlSession [org.apache.ibatis.session.defaults.DefaultSqlSession@269e79a2] was not registered for synchronization because synchronization is not active
JDBC Connection [HikariProxyConnection@75086282 wrapping com.mysql.cj.jdbc.ConnectionImpl@7f028b35] will not be managed by Spring
==>  Preparing: SELECT COUNT(*) AS total FROM product WHERE (status = ? AND audit_status = ? AND expiry_status <> ?)
==> Parameters: 1(Integer), 1(Integer), 2(Integer)
<==    Columns: total
<==        Row: 53
<==      Total: 1
==>  Preparing: SELECT id,merchant_id,category_id,name,description,price,original_price,stock,stock_warning,production_date,shelf_life_days,expiry_date,expiry_status,images,manufacturer,origin,license_no,quality_report_imgs,status,audit_status,sales,create_time,update_time FROM product WHERE (status = ? AND audit_status = ? AND expiry_status <> ?) ORDER BY sales DESC LIMIT ?
==> Parameters: 1(Integer), 1(Integer), 2(Integer), 10(Long)
<==    Columns: id, merchant_id, category_id, name, description, price, original_price, stock, stock_warning, production_date, shelf_life_days, expiry_date, expiry_status, images, manufacturer, origin, license_no, quality_report_imgs, status, audit_status, sales, create_time, update_time
<==        Row: 23, 3, 4, 康师傅 红烧牛肉面 5连包, <<BLOB>>, 11.50, 20.00, 400, 10, 2026-03-01, 180, 2026-08-28, 1, /uploads/2026/07/09/08d0fdb546d74ef18c9a8c6a81c2ef0b.png, 康师傅控股有限公司, 天津, SC10112010400245, null, 1, 1, 15000, 2026-04-24 16:25:18, 2026-05-19 17:44:12
<==        Row: 14, 2, 2, 康师傅 冰红茶 500ml*15, <<BLOB>>, 28.00, 45.00, 350, 10, 2026-03-10, 365, 2027-03-10, 0, /uploads/2026/07/09/9b324b9799bd48e0b312db0d2e150555.png, 康师傅控股有限公司, 天津, SC10612010400156, null, 1, 1, 12000, 2026-04-24 16:25:18, 2026-06-30 14:21:33
<==        Row: 24, 3, 4, 统一 老坛酸菜牛肉面 5连包, <<BLOB>>, 11.90, 20.00, 350, 10, 2026-02-15, 180, 2026-08-14, 1, /uploads/2026/07/09/973611b3e14c4aebbf5222ecb044cbe2.png, 统一企业(中国)投资有限公司, 北京, SC10111010400256, null, 1, 1, 12000, 2026-04-24 16:25:18, 2026-05-19 17:45:51
<==        Row: 31, 2, 5, 伊利 安慕希 原味酸奶 205g*12, <<BLOB>>, 45.00, 69.90, 120, 10, 2026-04-01, 150, 2026-08-29, 0, /uploads/2026/07/09/8a0708c4c69a46e0b0e50395837ae1a7.png, 内蒙古伊利实业集团, 内蒙古呼和浩特, SC10515010100323, null, 1, 1, 11000, 2026-04-24 16:25:18, 2026-05-19 17:41:14
<==        Row: 30, 2, 5, 蒙牛 特仑苏 纯牛奶 250ml*12, <<BLOB>>, 49.90, 79.90, 150, 10, 2026-03-15, 180, 2026-09-11, 1, /uploads/2026/05/19/product_30_51425b361ef54d068c104e7cf8ebc87e.jpg, 蒙牛乳业(集团)股份有限公司, 内蒙古呼和浩特, SC10515010100312, null, 1, 1, 9200, 2026-04-24 16:25:18, 2026-05-19 17:40:57
<==        Row: 10, 2, 2, 元气森林 白桃气泡水 480ml*12, <<BLOB>>, 49.90, 72.00, 200, 10, 2026-03-01, 270, 2026-11-26, 0, /uploads/2026/07/09/a81826bb791b4c0194ed5e3b0d726d9e.png, 元气森林(北京)食品科技集团, 北京, SC10611010400112, null, 1, 1, 8900, 2026-04-24 16:25:18, 2026-05-19 17:44:12
<==        Row: 55, 3, 4, 白象 大骨面 香辣牛骨味 5连包, <<BLOB>>, 9.90, 18.00, 280, 10, 2026-03-05, 180, 2026-09-01, 1, /uploads/2026/07/09/cc2736ae87d6493bb1c0d3f494412ef2.png, 白象食品集团, 河南郑州, SC10141010400567, null, 1, 1, 8900, 2026-04-24 16:25:18, 2026-05-19 17:41:35
<==        Row: 35, 1, 6, 奥利奥 夹心饼干 原味 388g, <<BLOB>>, 12.90, 22.00, 300, 10, 2026-02-10, 365, 2027-02-10, 0, /uploads/2026/07/09/d60e75c55d51445e8bd9b938961e7300.png, 亿滋食品(中国)有限公司, 北京, SC10411010400367, null, 1, 1, 8900, 2026-04-24 16:25:18, 2026-05-19 17:41:14
<==        Row: 34, 2, 5, 认养一头牛 全脂纯牛奶 250ml*12, <<BLOB>>, 39.00, 59.90, 200, 10, 2026-03-01, 180, 2026-08-28, 1, /uploads/2026/07/09/5ac5ac2bb87049a49fc0364defcbb65c.png, 认养一头牛控股集团, 河北张家口, SC10513010100356, null, 1, 1, 7800, 2026-04-24 16:25:18, 2026-05-19 17:41:14
<==        Row: 27, 1, 4, 螺霸王 螺蛳粉 330g*3, <<BLOB>>, 25.80, 42.00, 200, 10, 2026-03-10, 180, 2026-09-06, 1, /uploads/2026/07/09/f2ae866cf9f34e719c92018c513a99cd.png, 柳州市螺霸王食品, 广西柳州, SC10145020100289, null, 1, 1, 7800, 2026-04-24 16:25:18, 2026-04-24 16:25:18
<==      Total: 10
Closing non transactional SqlSession [org.apache.ibatis.session.defaults.DefaultSqlSession@269e79a2]
Creating a new SqlSession
SqlSession [org.apache.ibatis.session.defaults.DefaultSqlSession@4d51a750] was not registered for synchronization because synchronization is not active
JDBC Connection [HikariProxyConnection@70250713 wrapping com.mysql.cj.jdbc.ConnectionImpl@7f028b35] will not be managed by Spring
==>  Preparing: SELECT COUNT( * ) AS total FROM chat_message WHERE (receiver_id = ? AND receiver_type = ? AND is_read = ?)
==> Parameters: 62(Long), 1(Integer), 0(Integer)
<==    Columns: total
<==        Row: 0
<==      Total: 1
Closing non transactional SqlSession [org.apache.ibatis.session.defaults.DefaultSqlSession@4d51a750]
Creating a new SqlSession
SqlSession [org.apache.ibatis.session.defaults.DefaultSqlSession@b2e782a] was not registered for synchronization because synchronization is not active
JDBC Connection [HikariProxyConnection@971064734 wrapping com.mysql.cj.jdbc.ConnectionImpl@692e6409] will not be managed by Spring
==>  Preparing: SELECT COUNT( * ) AS total FROM chat_message WHERE (receiver_id = ? AND receiver_type = ? AND is_read = ?)
==> Parameters: 62(Long), 1(Integer), 0(Integer)
<==    Columns: total
<==        Row: 0
<==      Total: 1
Closing non transactional SqlSession [org.apache.ibatis.session.defaults.DefaultSqlSession@b2e782a]
Creating a new SqlSession
SqlSession [org.apache.ibatis.session.defaults.DefaultSqlSession@4e820f70] was not registered for synchronization because synchronization is not active
JDBC Connection [HikariProxyConnection@341477142 wrapping com.mysql.cj.jdbc.ConnectionImpl@7f028b35] will not be managed by Spring
==>  Preparing: SELECT COUNT( * ) AS total FROM chat_message WHERE (receiver_id = ? AND receiver_type = ? AND is_read = ?)
==> Parameters: 62(Long), 1(Integer), 0(Integer)
<==    Columns: total
<==        Row: 0
<==      Total: 1
Closing non transactional SqlSession [org.apache.ibatis.session.defaults.DefaultSqlSession@4e820f70]
Creating a new SqlSession
SqlSession [org.apache.ibatis.session.defaults.DefaultSqlSession@642cc043] was not registered for synchronization because synchronization is not active
JDBC Connection [HikariProxyConnection@300873559 wrapping com.mysql.cj.jdbc.ConnectionImpl@7f028b35] will not be managed by Spring
==>  Preparing: SELECT id,name,icon,sort,parent_id,status,create_time,update_time FROM category WHERE (status = ?) ORDER BY sort ASC,create_time DESC
==> Parameters: 1(Integer)
<==    Columns: id, name, icon, sort, parent_id, status, create_time, update_time
<==        Row: 1, 休闲零食, null, 1, 0, 1, 2026-04-24 15:43:42, 2026-04-24 15:43:42
<==        Row: 2, 饮料冲调, null, 2, 0, 1, 2026-04-24 15:43:42, 2026-04-24 15:43:42
<==        Row: 3, 粮油调味, null, 3, 0, 1, 2026-04-24 15:43:42, 2026-04-24 15:43:42
<==        Row: 4, 方便速食, null, 4, 0, 1, 2026-04-24 15:43:42, 2026-04-24 15:43:42
<==        Row: 5, 乳制品, null, 5, 0, 1, 2026-04-24 15:43:42, 2026-04-24 15:43:42
<==        Row: 6, 饼干糕点, null, 6, 0, 1, 2026-04-24 15:43:42, 2026-04-24 15:43:42
<==        Row: 7, 糖果巧克力, null, 7, 0, 1, 2026-04-24 15:43:42, 2026-04-24 15:43:42
<==        Row: 8, 进口食品, null, 8, 0, 1, 2026-04-24 15:43:42, 2026-04-24 15:43:42
<==      Total: 8
Closing non transactional SqlSession [org.apache.ibatis.session.defaults.DefaultSqlSession@642cc043]
Creating a new SqlSession
SqlSession [org.apache.ibatis.session.defaults.DefaultSqlSession@5fa8b075] was not registered for synchronization because synchronization is not active
JDBC Connection [HikariProxyConnection@1077298825 wrapping com.mysql.cj.jdbc.ConnectionImpl@7f028b35] will not be managed by Spring
==>  Preparing: SELECT COUNT(*) AS total FROM product WHERE (status = ? AND audit_status = ? AND expiry_status <> ?)
==> Parameters: 1(Integer), 1(Integer), 2(Integer)
<==    Columns: total
<==        Row: 53
<==      Total: 1
==>  Preparing: SELECT id,merchant_id,category_id,name,description,price,original_price,stock,stock_warning,production_date,shelf_life_days,expiry_date,expiry_status,images,manufacturer,origin,license_no,quality_report_imgs,status,audit_status,sales,create_time,update_time FROM product WHERE (status = ? AND audit_status = ? AND expiry_status <> ?) ORDER BY create_time DESC LIMIT ?
==> Parameters: 1(Integer), 1(Integer), 2(Integer), 20(Long)
<==    Columns: id, merchant_id, category_id, name, description, price, original_price, stock, stock_warning, production_date, shelf_life_days, expiry_date, expiry_status, images, manufacturer, origin, license_no, quality_report_imgs, status, audit_status, sales, create_time, update_time
<==        Row: 2, 1, 1, 三只松鼠 碧根果 500g, <<BLOB>>, 19.90, 45.90, 150, 10, 2026-01-10, 270, 2026-10-07, 1, /uploads/2026/07/09/0dc7281d54524232a87b255067a371e9.png, 三只松鼠股份有限公司, 安徽芜湖, SC11934020200456, null, 1, 1, 1230, 2026-04-24 16:25:18, 2026-05-19 17:40:57
<==        Row: 3, 3, 1, 百草味 猪肉脯 200g, <<BLOB>>, 15.90, 35.90, 77, 10, 2026-02-20, 180, 2026-08-19, 1, /uploads/2026/07/09/04f030cbd2da487287e87a200c6d1be0.png, 百草味食品有限公司, 浙江杭州, SC10433010900789, null, 1, 1, 2103, 2026-04-24 16:25:18, 2026-07-09 14:40:34
<==        Row: 4, 3, 1, 卫龙 大面筋 106g*10包, <<BLOB>>, 12.80, 25.00, 500, 10, 2026-03-01, 240, 2026-10-27, 0, /uploads/2026/07/09/ce49295547704ec79f7569a98a3f0b4b.png, 卫龙美味全球控股, 河南漯河, SC10341110400012, null, 1, 1, 5680, 2026-04-24 16:25:18, 2026-05-19 17:45:51
<==        Row: 5, 1, 1, 洽洽 瓜子 308g 焦糖味, <<BLOB>>, 9.90, 18.90, 300, 10, 2026-01-05, 270, 2026-10-02, 1, /uploads/2026/07/09/8f7b9a5750c34821bf9a2d7155c7bba0.png, 洽洽食品股份有限公司, 安徽合肥, SC11834010100034, null, 1, 1, 3200, 2026-04-24 16:25:18, 2026-05-19 17:41:42
<==        Row: 6, 5, 1, 乐事 薯片 大波浪 原味 135g, <<BLOB>>, 7.50, 12.80, 399, 10, 2026-03-15, 180, 2026-09-11, 0, /uploads/2026/07/09/e0f4bc24f4bd49a18629dd20bf7ea3ea.png, 百事食品(中国)有限公司, 北京, SC10511010400056, null, 1, 1, 4501, 2026-04-24 16:25:18, 2026-05-19 17:41:42
<==        Row: 7, 3, 1, 旺旺 仙贝 540g 家庭装, <<BLOB>>, 18.80, 38.00, 60, 10, 2025-10-01, 300, 2026-07-28, 1, /uploads/2026/07/09/642205ec1468425b918d77d9c8a2068b.png, 旺旺集团, 湖南长沙, SC10543010100078, null, 1, 1, 1800, 2026-04-24 16:25:18, 2026-05-19 17:41:42
<==        Row: 8, 1, 1, 盐津铺子 鱼豆腐 440g, <<BLOB>>, 16.01, 32.00, 1250, 10, 2026-02-01, 180, 2026-07-31, 1, /uploads/2026/07/09/d92bbf9ce44a4dfa973c693b9433be28.png, 盐津铺子食品股份有限公司, 湖南浏阳, SC10343012200090, null, 1, 1, 980, 2026-04-24 16:25:18, 2026-04-24 16:25:18
<==        Row: 9, 2, 2, 农夫山泉 东方树叶 茉莉花茶 500ml*15, <<BLOB>>, 45.00, 75.00, 300, 10, 2026-02-10, 365, 2027-02-10, 0, /uploads/2026/07/09/113f1d41772546bbbd5d574a8f1b88a3.png, 农夫山泉股份有限公司, 浙江杭州, SC10633010900100, null, 1, 1, 6700, 2026-04-24 16:25:18, 2026-05-19 17:41:42
<==        Row: 10, 2, 2, 元气森林 白桃气泡水 480ml*12, <<BLOB>>, 49.90, 72.00, 200, 10, 2026-03-01, 270, 2026-11-26, 0, /uploads/2026/07/09/a81826bb791b4c0194ed5e3b0d726d9e.png, 元气森林(北京)食品科技集团, 北京, SC10611010400112, null, 1, 1, 8900, 2026-04-24 16:25:18, 2026-05-19 17:44:12
<==        Row: 11, 2, 2, 三得利 乌龙茶 500ml*18, <<BLOB>>, 55.00, 90.00, 97, 10, 2026-01-15, 365, 2027-01-15, 0, /uploads/2026/07/09/98e3ba80e5cf4951a33eb1a60aa3ed16.png, 三得利(中国)投资有限公司, 上海, SC10631010400123, null, 1, 1, 4203, 2026-04-24 16:25:18, 2026-07-09 15:42:19
<==        Row: 12, 4, 2, 雀巢 速溶咖啡 1+2 微研磨 100条, <<BLOB>>, 59.00, 99.00, 80, 10, 2025-12-01, 540, 2027-05-25, 0, /uploads/2026/07/09/c45879a3e8ea43a38c4bf8fd22c749af.png, 雀巢(中国)有限公司, 广东东莞, SC10644190000134, null, 1, 1, 3400, 2026-04-24 16:25:18, 2026-05-19 17:48:59
<==        Row: 13, 5, 2, 星巴克 即饮咖啡 抹茶拿铁 270ml*6, <<BLOB>>, 38.00, 66.00, 45, 10, 2026-01-20, 180, 2026-07-19, 1, /uploads/2026/07/09/7cd2c1eb21de45fba8a2c4c1005a03ed.png, 星巴克咖啡公司, 美国, SC10611020400145, null, 1, 1, 1560, 2026-04-24 16:25:18, 2026-05-19 17:40:45
<==        Row: 14, 2, 2, 康师傅 冰红茶 500ml*15, <<BLOB>>, 28.00, 45.00, 350, 10, 2026-03-10, 365, 2027-03-10, 0, /uploads/2026/07/09/9b324b9799bd48e0b312db0d2e150555.png, 康师傅控股有限公司, 天津, SC10612010400156, null, 1, 1, 12000, 2026-04-24 16:25:18, 2026-06-30 14:21:33
<==        Row: 15, 4, 2, 立顿 红茶包 100包装, <<BLOB>>, 32.00, 58.00, 90, 10, 2025-09-01, 730, 2027-09-01, 0, /uploads/2026/07/09/aa2dd490352341548ea9ec4e9b5a6479.png, 联合利华(中国)有限公司, 安徽合肥, SC11634010100167, null, 1, 1, 2100, 2026-04-24 16:25:18, 2026-05-19 17:44:12
<==        Row: 16, 4, 3, 金龙鱼 调和油 5L, <<BLOB>>, 49.90, 79.90, 100, 10, 2026-01-01, 540, 2027-06-25, 0, /uploads/2026/07/09/a77e7db8e680483ab785517545cf2344.png, 益海嘉里金龙鱼粮油食品, 上海, SC10231010400178, null, 1, 1, 2300, 2026-04-24 16:25:18, 2026-05-19 17:40:51
<==        Row: 17, 4, 3, 海天 生抽酱油 1.9L, <<BLOB>>, 12.90, 22.90, 200, 10, 2026-02-15, 720, 2028-02-05, 0, /uploads/2026/07/09/f80df9b05d124674a69f699f1da2d962.png, 佛山市海天调味食品, 广东佛山, SC10344060400189, null, 1, 1, 5600, 2026-04-24 16:25:18, 2026-05-19 17:54:24
<==        Row: 18, 4, 3, 太太乐 鸡精 454g, <<BLOB>>, 11.50, 19.90, 160, 10, 2026-01-20, 540, 2027-07-14, 0, /uploads/2026/07/09/ce21738d34b94e6ebf665495a30d100b.png, 上海太太乐食品有限公司, 上海, SC10331010400190, null, 1, 1, 4100, 2026-04-24 16:25:18, 2026-05-19 17:40:51
<==        Row: 19, 4, 3, 恒顺 镇江香醋 580ml, <<BLOB>>, 8.90, 16.00, 250, 10, 2025-08-01, 1095, 2028-07-31, 0, /uploads/2026/07/09/39b12dfd79f9426493ce500e01666ba9.png, 江苏恒顺醋业股份有限公司, 江苏镇江, SC10332110400201, null, 1, 1, 3800, 2026-04-24 16:25:18, 2026-05-19 17:54:24
<==        Row: 20, 4, 3, 李锦记 蚝油 510g, <<BLOB>>, 10.80, 18.00, 130, 10, 2026-03-05, 540, 2027-08-27, 0, /uploads/2026/07/09/742774c51914414c994db4b42a980343.png, 李锦记(中国)销售有限公司, 广东新会, SC10344070400212, null, 1, 1, 2900, 2026-04-24 16:25:18, 2026-05-19 17:54:24
<==        Row: 21, 4, 3, 福临门 东北大米 10kg, <<BLOB>>, 45.00, 69.90, 80, 10, 2025-10-15, 365, 2026-10-15, 1, /uploads/2026/07/09/acf8f51cc95242fd90b4846445a1f187.png, 中粮福临门食品有限公司, 黑龙江五常, SC10123010100223, null, 1, 1, 1700, 2026-04-24 16:25:18, 2026-05-19 17:40:51
<==      Total: 20
Closing non transactional SqlSession [org.apache.ibatis.session.defaults.DefaultSqlSession@5fa8b075]
Creating a new SqlSession
SqlSession [org.apache.ibatis.session.defaults.DefaultSqlSession@5f8972c8] was not registered for synchronization because synchronization is not active
JDBC Connection [HikariProxyConnection@1571135394 wrapping com.mysql.cj.jdbc.ConnectionImpl@7f028b35] will not be managed by Spring
==>  Preparing: SELECT COUNT( * ) AS total FROM chat_message WHERE (receiver_id = ? AND receiver_type = ? AND is_read = ?)
==> Parameters: 62(Long), 1(Integer), 0(Integer)
<==    Columns: total
<==        Row: 0
<==      Total: 1
Closing non transactional SqlSession [org.apache.ibatis.session.defaults.DefaultSqlSession@5f8972c8]
Creating a new SqlSession
SqlSession [org.apache.ibatis.session.defaults.DefaultSqlSession@38e7af] was not registered for synchronization because synchronization is not active
JDBC Connection [HikariProxyConnection@1917385519 wrapping com.mysql.cj.jdbc.ConnectionImpl@7f028b35] will not be managed by Spring
==>  Preparing: SELECT COUNT( * ) AS total FROM chat_message WHERE (receiver_id = ? AND receiver_type = ? AND is_read = ?)
==> Parameters: 62(Long), 1(Integer), 0(Integer)
<==    Columns: total
<==        Row: 0
<==      Total: 1
Closing non transactional SqlSession [org.apache.ibatis.session.defaults.DefaultSqlSession@38e7af]
Creating a new SqlSession
SqlSession [org.apache.ibatis.session.defaults.DefaultSqlSession@7876d5d8] was not registered for synchronization because synchronization is not active
JDBC Connection [HikariProxyConnection@1364282255 wrapping com.mysql.cj.jdbc.ConnectionImpl@7f028b35] will not be managed by Spring
==>  Preparing: SELECT COUNT( * ) AS total FROM chat_message WHERE (receiver_id = ? AND receiver_type = ? AND is_read = ?)
==> Parameters: 62(Long), 1(Integer), 0(Integer)
<==    Columns: total
<==        Row: 0
<==      Total: 1
Closing non transactional SqlSession [org.apache.ibatis.session.defaults.DefaultSqlSession@7876d5d8]
Creating a new SqlSession
SqlSession [org.apache.ibatis.session.defaults.DefaultSqlSession@182b573f] was not registered for synchronization because synchronization is not active
JDBC Connection [HikariProxyConnection@1897562160 wrapping com.mysql.cj.jdbc.ConnectionImpl@7f028b35] will not be managed by Spring
==>  Preparing: SELECT COUNT(*) AS total FROM product WHERE (status = ? AND audit_status = ? AND expiry_status <> ? AND category_id = ?)
==> Parameters: 1(Integer), 1(Integer), 2(Integer), 1(Long)
<==    Columns: total
<==        Row: 8
<==      Total: 1
==>  Preparing: SELECT id,merchant_id,category_id,name,description,price,original_price,stock,stock_warning,production_date,shelf_life_days,expiry_date,expiry_status,images,manufacturer,origin,license_no,quality_report_imgs,status,audit_status,sales,create_time,update_time FROM product WHERE (status = ? AND audit_status = ? AND expiry_status <> ? AND category_id = ?) ORDER BY create_time DESC LIMIT ?
==> Parameters: 1(Integer), 1(Integer), 2(Integer), 1(Long), 20(Long)
<==    Columns: id, merchant_id, category_id, name, description, price, original_price, stock, stock_warning, production_date, shelf_life_days, expiry_date, expiry_status, images, manufacturer, origin, license_no, quality_report_imgs, status, audit_status, sales, create_time, update_time
<==        Row: 2, 1, 1, 三只松鼠 碧根果 500g, <<BLOB>>, 19.90, 45.90, 150, 10, 2026-01-10, 270, 2026-10-07, 1, /uploads/2026/07/09/0dc7281d54524232a87b255067a371e9.png, 三只松鼠股份有限公司, 安徽芜湖, SC11934020200456, null, 1, 1, 1230, 2026-04-24 16:25:18, 2026-05-19 17:40:57
<==        Row: 3, 3, 1, 百草味 猪肉脯 200g, <<BLOB>>, 15.90, 35.90, 77, 10, 2026-02-20, 180, 2026-08-19, 1, /uploads/2026/07/09/04f030cbd2da487287e87a200c6d1be0.png, 百草味食品有限公司, 浙江杭州, SC10433010900789, null, 1, 1, 2103, 2026-04-24 16:25:18, 2026-07-09 14:40:34
<==        Row: 4, 3, 1, 卫龙 大面筋 106g*10包, <<BLOB>>, 12.80, 25.00, 500, 10, 2026-03-01, 240, 2026-10-27, 0, /uploads/2026/07/09/ce49295547704ec79f7569a98a3f0b4b.png, 卫龙美味全球控股, 河南漯河, SC10341110400012, null, 1, 1, 5680, 2026-04-24 16:25:18, 2026-05-19 17:45:51
<==        Row: 5, 1, 1, 洽洽 瓜子 308g 焦糖味, <<BLOB>>, 9.90, 18.90, 300, 10, 2026-01-05, 270, 2026-10-02, 1, /uploads/2026/07/09/8f7b9a5750c34821bf9a2d7155c7bba0.png, 洽洽食品股份有限公司, 安徽合肥, SC11834010100034, null, 1, 1, 3200, 2026-04-24 16:25:18, 2026-05-19 17:41:42
<==        Row: 6, 5, 1, 乐事 薯片 大波浪 原味 135g, <<BLOB>>, 7.50, 12.80, 399, 10, 2026-03-15, 180, 2026-09-11, 0, /uploads/2026/07/09/e0f4bc24f4bd49a18629dd20bf7ea3ea.png, 百事食品(中国)有限公司, 北京, SC10511010400056, null, 1, 1, 4501, 2026-04-24 16:25:18, 2026-05-19 17:41:42
<==        Row: 7, 3, 1, 旺旺 仙贝 540g 家庭装, <<BLOB>>, 18.80, 38.00, 60, 10, 2025-10-01, 300, 2026-07-28, 1, /uploads/2026/07/09/642205ec1468425b918d77d9c8a2068b.png, 旺旺集团, 湖南长沙, SC10543010100078, null, 1, 1, 1800, 2026-04-24 16:25:18, 2026-05-19 17:41:42
<==        Row: 8, 1, 1, 盐津铺子 鱼豆腐 440g, <<BLOB>>, 16.01, 32.00, 1250, 10, 2026-02-01, 180, 2026-07-31, 1, /uploads/2026/07/09/d92bbf9ce44a4dfa973c693b9433be28.png, 盐津铺子食品股份有限公司, 湖南浏阳, SC10343012200090, null, 1, 1, 980, 2026-04-24 16:25:18, 2026-04-24 16:25:18
<==        Row: 53, 1, 1, 来伊份 芒果干 120g, <<BLOB>>, 8.90, 22.00, 35, 10, 2026-01-15, 180, 2026-07-14, 1, /uploads/2026/07/09/2cf4349e23b54377876e46e21279af6e.png, 来伊份股份有限公司, 上海, SC10431010400545, null, 1, 1, 1450, 2026-04-24 16:25:18, 2026-05-19 17:41:35
<==      Total: 8
Closing non transactional SqlSession [org.apache.ibatis.session.defaults.DefaultSqlSession@182b573f]
Creating a new SqlSession
SqlSession [org.apache.ibatis.session.defaults.DefaultSqlSession@254adde9] was not registered for synchronization because synchronization is not active
JDBC Connection [HikariProxyConnection@1709282615 wrapping com.mysql.cj.jdbc.ConnectionImpl@7f028b35] will not be managed by Spring
==>  Preparing: SELECT COUNT(*) AS total FROM product WHERE (status = ? AND audit_status = ? AND expiry_status <> ? AND category_id = ?)
==> Parameters: 1(Integer), 1(Integer), 2(Integer), 8(Long)
<==    Columns: total
<==        Row: 6
<==      Total: 1
==>  Preparing: SELECT id,merchant_id,category_id,name,description,price,original_price,stock,stock_warning,production_date,shelf_life_days,expiry_date,expiry_status,images,manufacturer,origin,license_no,quality_report_imgs,status,audit_status,sales,create_time,update_time FROM product WHERE (status = ? AND audit_status = ? AND expiry_status <> ? AND category_id = ?) ORDER BY create_time DESC LIMIT ?
==> Parameters: 1(Integer), 1(Integer), 2(Integer), 8(Long), 20(Long)
<==    Columns: id, merchant_id, category_id, name, description, price, original_price, stock, stock_warning, production_date, shelf_life_days, expiry_date, expiry_status, images, manufacturer, origin, license_no, quality_report_imgs, status, audit_status, sales, create_time, update_time
<==        Row: 47, 5, 8, 韩国 农心 辛拉面 5连包, <<BLOB>>, 22.00, 38.00, 120, 10, 2026-02-15, 365, 2027-02-15, 0, /uploads/2026/07/09/03a944e76bd945608ce2a22214518315.png, 农心(上海)食品有限公司, 韩国, SC10500000000489, null, 1, 1, 6700, 2026-04-24 16:25:18, 2026-05-19 17:41:24
<==        Row: 48, 5, 8, 日本 格力高 百醇 注心饼干 48g*6, <<BLOB>>, 35.00, 60.00, 80, 10, 2026-01-25, 300, 2026-11-21, 0, /uploads/2026/07/09/a7481caef5e4469da6540d44b1c5057a.png, 江崎格力高(上海)食品, 日本, SC10431010400490, null, 1, 1, 2900, 2026-04-24 16:25:18, 2026-05-19 17:54:35
<==        Row: 49, 5, 8, 泰国 皇家金枕 榴莲干 300g, <<BLOB>>, 58.00, 98.00, 50, 10, 2026-02-01, 365, 2027-02-01, 0, /uploads/2026/07/09/35cc305da12444e68cd59e39c0d58c55.png, Thai Royal Orchid, 泰国, SC10500000000501, null, 1, 1, 3400, 2026-04-24 16:25:18, 2026-05-19 17:41:35
<==        Row: 50, 5, 8, 越南 G7 三合一速溶咖啡 50条, <<BLOB>>, 39.00, 68.00, 100, 10, 2025-12-10, 730, 2027-12-10, 0, /uploads/2026/07/09/876cc30b93e543b099a2a2a7ad77f6aa.png, 中原G7咖啡集团, 越南, SC10500000000512, null, 1, 1, 5100, 2026-04-24 16:25:18, 2026-05-19 17:44:19
<==        Row: 51, 5, 8, 澳洲 TimTam 巧克力饼干 200g, <<BLOB>>, 25.00, 45.00, 60, 10, 2026-03-01, 365, 2027-03-01, 0, /uploads/2026/07/09/ea872eb5a5534407b3db0934dc22498a.png, Arnott's Biscuits, 澳大利亚, SC10500000000523, null, 1, 1, 1800, 2026-04-24 16:25:18, 2026-05-19 17:41:35
<==        Row: 52, 5, 8, 意大利 Barilla 百味来 意面 500g, <<BLOB>>, 15.00, 28.00, 150, 10, 2025-06-01, 1095, 2028-05-31, 0, /uploads/2026/07/09/feefe6809ac94225b1ed1349dd9c53dc.png, Barilla G. e R. Fratelli, 意大利, SC10500000000534, null, 1, 1, 2300, 2026-04-24 16:25:18, 2026-05-19 17:54:35
<==      Total: 6
Closing non transactional SqlSession [org.apache.ibatis.session.defaults.DefaultSqlSession@254adde9]
Creating a new SqlSession
SqlSession [org.apache.ibatis.session.defaults.DefaultSqlSession@18c1d90c] was not registered for synchronization because synchronization is not active
JDBC Connection [HikariProxyConnection@1602441252 wrapping com.mysql.cj.jdbc.ConnectionImpl@7f028b35] will not be managed by Spring
==>  Preparing: SELECT COUNT(*) AS total FROM product WHERE (status = ? AND audit_status = ? AND expiry_status <> ? AND category_id = ? AND expiry_status = ?)
==> Parameters: 1(Integer), 1(Integer), 2(Integer), 8(Long), 0(Integer)
<==    Columns: total
<==        Row: 6
<==      Total: 1
==>  Preparing: SELECT id,merchant_id,category_id,name,description,price,original_price,stock,stock_warning,production_date,shelf_life_days,expiry_date,expiry_status,images,manufacturer,origin,license_no,quality_report_imgs,status,audit_status,sales,create_time,update_time FROM product WHERE (status = ? AND audit_status = ? AND expiry_status <> ? AND category_id = ? AND expiry_status = ?) ORDER BY create_time DESC LIMIT ?
==> Parameters: 1(Integer), 1(Integer), 2(Integer), 8(Long), 0(Integer), 20(Long)
<==    Columns: id, merchant_id, category_id, name, description, price, original_price, stock, stock_warning, production_date, shelf_life_days, expiry_date, expiry_status, images, manufacturer, origin, license_no, quality_report_imgs, status, audit_status, sales, create_time, update_time
<==        Row: 47, 5, 8, 韩国 农心 辛拉面 5连包, <<BLOB>>, 22.00, 38.00, 120, 10, 2026-02-15, 365, 2027-02-15, 0, /uploads/2026/07/09/03a944e76bd945608ce2a22214518315.png, 农心(上海)食品有限公司, 韩国, SC10500000000489, null, 1, 1, 6700, 2026-04-24 16:25:18, 2026-05-19 17:41:24
<==        Row: 48, 5, 8, 日本 格力高 百醇 注心饼干 48g*6, <<BLOB>>, 35.00, 60.00, 80, 10, 2026-01-25, 300, 2026-11-21, 0, /uploads/2026/07/09/a7481caef5e4469da6540d44b1c5057a.png, 江崎格力高(上海)食品, 日本, SC10431010400490, null, 1, 1, 2900, 2026-04-24 16:25:18, 2026-05-19 17:54:35
<==        Row: 49, 5, 8, 泰国 皇家金枕 榴莲干 300g, <<BLOB>>, 58.00, 98.00, 50, 10, 2026-02-01, 365, 2027-02-01, 0, /uploads/2026/07/09/35cc305da12444e68cd59e39c0d58c55.png, Thai Royal Orchid, 泰国, SC10500000000501, null, 1, 1, 3400, 2026-04-24 16:25:18, 2026-05-19 17:41:35
<==        Row: 50, 5, 8, 越南 G7 三合一速溶咖啡 50条, <<BLOB>>, 39.00, 68.00, 100, 10, 2025-12-10, 730, 2027-12-10, 0, /uploads/2026/07/09/876cc30b93e543b099a2a2a7ad77f6aa.png, 中原G7咖啡集团, 越南, SC10500000000512, null, 1, 1, 5100, 2026-04-24 16:25:18, 2026-05-19 17:44:19
<==        Row: 51, 5, 8, 澳洲 TimTam 巧克力饼干 200g, <<BLOB>>, 25.00, 45.00, 60, 10, 2026-03-01, 365, 2027-03-01, 0, /uploads/2026/07/09/ea872eb5a5534407b3db0934dc22498a.png, Arnott's Biscuits, 澳大利亚, SC10500000000523, null, 1, 1, 1800, 2026-04-24 16:25:18, 2026-05-19 17:41:35
<==        Row: 52, 5, 8, 意大利 Barilla 百味来 意面 500g, <<BLOB>>, 15.00, 28.00, 150, 10, 2025-06-01, 1095, 2028-05-31, 0, /uploads/2026/07/09/feefe6809ac94225b1ed1349dd9c53dc.png, Barilla G. e R. Fratelli, 意大利, SC10500000000534, null, 1, 1, 2300, 2026-04-24 16:25:18, 2026-05-19 17:54:35
<==      Total: 6
Closing non transactional SqlSession [org.apache.ibatis.session.defaults.DefaultSqlSession@18c1d90c]
Creating a new SqlSession
SqlSession [org.apache.ibatis.session.defaults.DefaultSqlSession@3bc165ad] was not registered for synchronization because synchronization is not active
JDBC Connection [HikariProxyConnection@1977069336 wrapping com.mysql.cj.jdbc.ConnectionImpl@7f028b35] will not be managed by Spring
==>  Preparing: SELECT COUNT(*) AS total FROM product WHERE (status = ? AND audit_status = ? AND expiry_status <> ? AND category_id = ?)
==> Parameters: 1(Integer), 1(Integer), 2(Integer), 8(Long)
<==    Columns: total
<==        Row: 6
<==      Total: 1
==>  Preparing: SELECT id,merchant_id,category_id,name,description,price,original_price,stock,stock_warning,production_date,shelf_life_days,expiry_date,expiry_status,images,manufacturer,origin,license_no,quality_report_imgs,status,audit_status,sales,create_time,update_time FROM product WHERE (status = ? AND audit_status = ? AND expiry_status <> ? AND category_id = ?) ORDER BY create_time DESC LIMIT ?
==> Parameters: 1(Integer), 1(Integer), 2(Integer), 8(Long), 20(Long)
<==    Columns: id, merchant_id, category_id, name, description, price, original_price, stock, stock_warning, production_date, shelf_life_days, expiry_date, expiry_status, images, manufacturer, origin, license_no, quality_report_imgs, status, audit_status, sales, create_time, update_time
<==        Row: 47, 5, 8, 韩国 农心 辛拉面 5连包, <<BLOB>>, 22.00, 38.00, 120, 10, 2026-02-15, 365, 2027-02-15, 0, /uploads/2026/07/09/03a944e76bd945608ce2a22214518315.png, 农心(上海)食品有限公司, 韩国, SC10500000000489, null, 1, 1, 6700, 2026-04-24 16:25:18, 2026-05-19 17:41:24
<==        Row: 48, 5, 8, 日本 格力高 百醇 注心饼干 48g*6, <<BLOB>>, 35.00, 60.00, 80, 10, 2026-01-25, 300, 2026-11-21, 0, /uploads/2026/07/09/a7481caef5e4469da6540d44b1c5057a.png, 江崎格力高(上海)食品, 日本, SC10431010400490, null, 1, 1, 2900, 2026-04-24 16:25:18, 2026-05-19 17:54:35
<==        Row: 49, 5, 8, 泰国 皇家金枕 榴莲干 300g, <<BLOB>>, 58.00, 98.00, 50, 10, 2026-02-01, 365, 2027-02-01, 0, /uploads/2026/07/09/35cc305da12444e68cd59e39c0d58c55.png, Thai Royal Orchid, 泰国, SC10500000000501, null, 1, 1, 3400, 2026-04-24 16:25:18, 2026-05-19 17:41:35
<==        Row: 50, 5, 8, 越南 G7 三合一速溶咖啡 50条, <<BLOB>>, 39.00, 68.00, 100, 10, 2025-12-10, 730, 2027-12-10, 0, /uploads/2026/07/09/876cc30b93e543b099a2a2a7ad77f6aa.png, 中原G7咖啡集团, 越南, SC10500000000512, null, 1, 1, 5100, 2026-04-24 16:25:18, 2026-05-19 17:44:19
<==        Row: 51, 5, 8, 澳洲 TimTam 巧克力饼干 200g, <<BLOB>>, 25.00, 45.00, 60, 10, 2026-03-01, 365, 2027-03-01, 0, /uploads/2026/07/09/ea872eb5a5534407b3db0934dc22498a.png, Arnott's Biscuits, 澳大利亚, SC10500000000523, null, 1, 1, 1800, 2026-04-24 16:25:18, 2026-05-19 17:41:35
<==        Row: 52, 5, 8, 意大利 Barilla 百味来 意面 500g, <<BLOB>>, 15.00, 28.00, 150, 10, 2025-06-01, 1095, 2028-05-31, 0, /uploads/2026/07/09/feefe6809ac94225b1ed1349dd9c53dc.png, Barilla G. e R. Fratelli, 意大利, SC10500000000534, null, 1, 1, 2300, 2026-04-24 16:25:18, 2026-05-19 17:54:35
<==      Total: 6
Closing non transactional SqlSession [org.apache.ibatis.session.defaults.DefaultSqlSession@3bc165ad]
Creating a new SqlSession
SqlSession [org.apache.ibatis.session.defaults.DefaultSqlSession@1e9e9f4f] was not registered for synchronization because synchronization is not active
JDBC Connection [HikariProxyConnection@991991724 wrapping com.mysql.cj.jdbc.ConnectionImpl@7f028b35] will not be managed by Spring
==>  Preparing: SELECT COUNT(*) AS total FROM product WHERE (status = ? AND audit_status = ? AND expiry_status <> ? AND category_id = ? AND expiry_status = ?)
==> Parameters: 1(Integer), 1(Integer), 2(Integer), 8(Long), 1(Integer)
<==    Columns: total
<==        Row: 0
<==      Total: 1
Closing non transactional SqlSession [org.apache.ibatis.session.defaults.DefaultSqlSession@1e9e9f4f]
Creating a new SqlSession
SqlSession [org.apache.ibatis.session.defaults.DefaultSqlSession@2eb01d7b] was not registered for synchronization because synchronization is not active
JDBC Connection [HikariProxyConnection@1286226729 wrapping com.mysql.cj.jdbc.ConnectionImpl@7f028b35] will not be managed by Spring
==>  Preparing: SELECT COUNT(*) AS total FROM product WHERE (status = ? AND audit_status = ? AND expiry_status <> ? AND category_id = ? AND expiry_status = ?)
==> Parameters: 1(Integer), 1(Integer), 2(Integer), 8(Long), 1(Integer)
<==    Columns: total
<==        Row: 0
<==      Total: 1
Closing non transactional SqlSession [org.apache.ibatis.session.defaults.DefaultSqlSession@2eb01d7b]
Creating a new SqlSession
SqlSession [org.apache.ibatis.session.defaults.DefaultSqlSession@64757ffe] was not registered for synchronization because synchronization is not active
JDBC Connection [HikariProxyConnection@1895714442 wrapping com.mysql.cj.jdbc.ConnectionImpl@7f028b35] will not be managed by Spring
==>  Preparing: SELECT COUNT(*) AS total FROM product WHERE (status = ? AND audit_status = ? AND expiry_status <> ? AND category_id = ? AND expiry_status = ?)
==> Parameters: 1(Integer), 1(Integer), 2(Integer), 8(Long), 1(Integer)
<==    Columns: total
<==        Row: 0
<==      Total: 1
Closing non transactional SqlSession [org.apache.ibatis.session.defaults.DefaultSqlSession@64757ffe]
Creating a new SqlSession
SqlSession [org.apache.ibatis.session.defaults.DefaultSqlSession@4fbd9f7e] was not registered for synchronization because synchronization is not active
JDBC Connection [HikariProxyConnection@933904779 wrapping com.mysql.cj.jdbc.ConnectionImpl@692e6409] will not be managed by Spring
==>  Preparing: SELECT COUNT(*) AS total FROM product WHERE (status = ? AND audit_status = ? AND expiry_status <> ? AND expiry_status = ?)
==> Parameters: 1(Integer), 1(Integer), 2(Integer), 1(Integer)
<==    Columns: total
<==        Row: 18
<==      Total: 1
==>  Preparing: SELECT id,merchant_id,category_id,name,description,price,original_price,stock,stock_warning,production_date,shelf_life_days,expiry_date,expiry_status,images,manufacturer,origin,license_no,quality_report_imgs,status,audit_status,sales,create_time,update_time FROM product WHERE (status = ? AND audit_status = ? AND expiry_status <> ? AND expiry_status = ?) ORDER BY sales DESC LIMIT ?
==> Parameters: 1(Integer), 1(Integer), 2(Integer), 1(Integer), 20(Long)
<==    Columns: id, merchant_id, category_id, name, description, price, original_price, stock, stock_warning, production_date, shelf_life_days, expiry_date, expiry_status, images, manufacturer, origin, license_no, quality_report_imgs, status, audit_status, sales, create_time, update_time
<==        Row: 23, 3, 4, 康师傅 红烧牛肉面 5连包, <<BLOB>>, 11.50, 20.00, 400, 10, 2026-03-01, 180, 2026-08-28, 1, /uploads/2026/07/09/08d0fdb546d74ef18c9a8c6a81c2ef0b.png, 康师傅控股有限公司, 天津, SC10112010400245, null, 1, 1, 15000, 2026-04-24 16:25:18, 2026-05-19 17:44:12
<==        Row: 24, 3, 4, 统一 老坛酸菜牛肉面 5连包, <<BLOB>>, 11.90, 20.00, 350, 10, 2026-02-15, 180, 2026-08-14, 1, /uploads/2026/07/09/973611b3e14c4aebbf5222ecb044cbe2.png, 统一企业(中国)投资有限公司, 北京, SC10111010400256, null, 1, 1, 12000, 2026-04-24 16:25:18, 2026-05-19 17:45:51
<==        Row: 30, 2, 5, 蒙牛 特仑苏 纯牛奶 250ml*12, <<BLOB>>, 49.90, 79.90, 150, 10, 2026-03-15, 180, 2026-09-11, 1, /uploads/2026/05/19/product_30_51425b361ef54d068c104e7cf8ebc87e.jpg, 蒙牛乳业(集团)股份有限公司, 内蒙古呼和浩特, SC10515010100312, null, 1, 1, 9200, 2026-04-24 16:25:18, 2026-05-19 17:40:57
<==        Row: 55, 3, 4, 白象 大骨面 香辣牛骨味 5连包, <<BLOB>>, 9.90, 18.00, 280, 10, 2026-03-05, 180, 2026-09-01, 1, /uploads/2026/07/09/cc2736ae87d6493bb1c0d3f494412ef2.png, 白象食品集团, 河南郑州, SC10141010400567, null, 1, 1, 8900, 2026-04-24 16:25:18, 2026-05-19 17:41:35
<==        Row: 27, 1, 4, 螺霸王 螺蛳粉 330g*3, <<BLOB>>, 25.80, 42.00, 200, 10, 2026-03-10, 180, 2026-09-06, 1, /uploads/2026/07/09/f2ae866cf9f34e719c92018c513a99cd.png, 柳州市螺霸王食品, 广西柳州, SC10145020100289, null, 1, 1, 7800, 2026-04-24 16:25:18, 2026-04-24 16:25:18
<==        Row: 34, 2, 5, 认养一头牛 全脂纯牛奶 250ml*12, <<BLOB>>, 39.00, 59.90, 200, 10, 2026-03-01, 180, 2026-08-28, 1, /uploads/2026/07/09/5ac5ac2bb87049a49fc0364defcbb65c.png, 认养一头牛控股集团, 河北张家口, SC10513010100356, null, 1, 1, 7800, 2026-04-24 16:25:18, 2026-05-19 17:41:14
<==        Row: 32, 2, 5, 光明 莫斯利安 原味酸奶 200g*12, <<BLOB>>, 39.90, 65.00, 90, 10, 2026-03-20, 150, 2026-08-17, 1, /uploads/2026/07/09/490e7d6596f9493cac1d980d3fefb77e.png, 光明乳业股份有限公司, 上海, SC10531010400334, null, 1, 1, 6500, 2026-04-24 16:25:18, 2026-05-19 17:41:14
<==        Row: 28, 3, 4, 阿宽 红油面皮 4连包, <<BLOB>>, 13.90, 24.00, 250, 10, 2026-02-28, 180, 2026-08-27, 1, /uploads/2026/07/09/fd7cefe317a34d229daa6f8493890bd0.png, 四川白家阿宽食品产业, 四川成都, SC10151010400290, null, 1, 1, 4300, 2026-04-24 16:25:18, 2026-05-19 17:40:57
<==        Row: 25, 3, 4, 自嗨锅 麻辣火锅 自热锅, <<BLOB>>, 19.90, 39.90, 100, 10, 2026-01-10, 270, 2026-10-07, 1, /uploads/2026/07/09/a3fe1e294c3c4b89a5c28d498961fd9c.png, 杭州自嗨锅食品科技, 浙江杭州, SC10133010900267, null, 1, 1, 3500, 2026-04-24 16:25:18, 2026-05-19 17:48:59
<==        Row: 5, 1, 1, 洽洽 瓜子 308g 焦糖味, <<BLOB>>, 9.90, 18.90, 300, 10, 2026-01-05, 270, 2026-10-02, 1, /uploads/2026/07/09/8f7b9a5750c34821bf9a2d7155c7bba0.png, 洽洽食品股份有限公司, 安徽合肥, SC11834010100034, null, 1, 1, 3200, 2026-04-24 16:25:18, 2026-05-19 17:41:42
<==        Row: 54, 2, 5, 君乐宝 简醇 0添加蔗糖酸奶 250g*10, <<BLOB>>, 35.00, 59.90, 55, 10, 2026-03-25, 120, 2026-07-23, 1, /uploads/2026/07/09/756ee40572394d9988e42004389b6f1a.png, 石家庄君乐宝乳业有限公司, 河北石家庄, SC10513010100556, null, 1, 1, 3200, 2026-04-24 16:25:18, 2026-05-19 17:44:19
<==        Row: 3, 3, 1, 百草味 猪肉脯 200g, <<BLOB>>, 15.90, 35.90, 77, 10, 2026-02-20, 180, 2026-08-19, 1, /uploads/2026/07/09/04f030cbd2da487287e87a200c6d1be0.png, 百草味食品有限公司, 浙江杭州, SC10433010900789, null, 1, 1, 2103, 2026-04-24 16:25:18, 2026-07-09 14:40:34
<==        Row: 7, 3, 1, 旺旺 仙贝 540g 家庭装, <<BLOB>>, 18.80, 38.00, 60, 10, 2025-10-01, 300, 2026-07-28, 1, /uploads/2026/07/09/642205ec1468425b918d77d9c8a2068b.png, 旺旺集团, 湖南长沙, SC10543010100078, null, 1, 1, 1800, 2026-04-24 16:25:18, 2026-05-19 17:41:42
<==        Row: 21, 4, 3, 福临门 东北大米 10kg, <<BLOB>>, 45.00, 69.90, 80, 10, 2025-10-15, 365, 2026-10-15, 1, /uploads/2026/07/09/acf8f51cc95242fd90b4846445a1f187.png, 中粮福临门食品有限公司, 黑龙江五常, SC10123010100223, null, 1, 1, 1700, 2026-04-24 16:25:18, 2026-05-19 17:40:51
<==        Row: 13, 5, 2, 星巴克 即饮咖啡 抹茶拿铁 270ml*6, <<BLOB>>, 38.00, 66.00, 45, 10, 2026-01-20, 180, 2026-07-19, 1, /uploads/2026/07/09/7cd2c1eb21de45fba8a2c4c1005a03ed.png, 星巴克咖啡公司, 美国, SC10611020400145, null, 1, 1, 1560, 2026-04-24 16:25:18, 2026-05-19 17:40:45
<==        Row: 53, 1, 1, 来伊份 芒果干 120g, <<BLOB>>, 8.90, 22.00, 35, 10, 2026-01-15, 180, 2026-07-14, 1, /uploads/2026/07/09/2cf4349e23b54377876e46e21279af6e.png, 来伊份股份有限公司, 上海, SC10431010400545, null, 1, 1, 1450, 2026-04-24 16:25:18, 2026-05-19 17:41:35
<==        Row: 2, 1, 1, 三只松鼠 碧根果 500g, <<BLOB>>, 19.90, 45.90, 150, 10, 2026-01-10, 270, 2026-10-07, 1, /uploads/2026/07/09/0dc7281d54524232a87b255067a371e9.png, 三只松鼠股份有限公司, 安徽芜湖, SC11934020200456, null, 1, 1, 1230, 2026-04-24 16:25:18, 2026-05-19 17:40:57
<==        Row: 8, 1, 1, 盐津铺子 鱼豆腐 440g, <<BLOB>>, 16.01, 32.00, 1250, 10, 2026-02-01, 180, 2026-07-31, 1, /uploads/2026/07/09/d92bbf9ce44a4dfa973c693b9433be28.png, 盐津铺子食品股份有限公司, 湖南浏阳, SC10343012200090, null, 1, 1, 980, 2026-04-24 16:25:18, 2026-04-24 16:25:18
<==      Total: 18
Closing non transactional SqlSession [org.apache.ibatis.session.defaults.DefaultSqlSession@4fbd9f7e]
Creating a new SqlSession
SqlSession [org.apache.ibatis.session.defaults.DefaultSqlSession@3e46bcae] was not registered for synchronization because synchronization is not active
JDBC Connection [HikariProxyConnection@604635505 wrapping com.mysql.cj.jdbc.ConnectionImpl@7f028b35] will not be managed by Spring
==>  Preparing: SELECT COUNT(*) AS total FROM product WHERE (status = ? AND audit_status = ? AND expiry_status <> ? AND category_id = ? AND expiry_status = ?)
==> Parameters: 1(Integer), 1(Integer), 2(Integer), 1(Long), 1(Integer)
<==    Columns: total
<==        Row: 6
<==      Total: 1
==>  Preparing: SELECT id,merchant_id,category_id,name,description,price,original_price,stock,stock_warning,production_date,shelf_life_days,expiry_date,expiry_status,images,manufacturer,origin,license_no,quality_report_imgs,status,audit_status,sales,create_time,update_time FROM product WHERE (status = ? AND audit_status = ? AND expiry_status <> ? AND category_id = ? AND expiry_status = ?) ORDER BY sales DESC LIMIT ?
==> Parameters: 1(Integer), 1(Integer), 2(Integer), 1(Long), 1(Integer), 20(Long)
<==    Columns: id, merchant_id, category_id, name, description, price, original_price, stock, stock_warning, production_date, shelf_life_days, expiry_date, expiry_status, images, manufacturer, origin, license_no, quality_report_imgs, status, audit_status, sales, create_time, update_time
<==        Row: 5, 1, 1, 洽洽 瓜子 308g 焦糖味, <<BLOB>>, 9.90, 18.90, 300, 10, 2026-01-05, 270, 2026-10-02, 1, /uploads/2026/07/09/8f7b9a5750c34821bf9a2d7155c7bba0.png, 洽洽食品股份有限公司, 安徽合肥, SC11834010100034, null, 1, 1, 3200, 2026-04-24 16:25:18, 2026-05-19 17:41:42
<==        Row: 3, 3, 1, 百草味 猪肉脯 200g, <<BLOB>>, 15.90, 35.90, 77, 10, 2026-02-20, 180, 2026-08-19, 1, /uploads/2026/07/09/04f030cbd2da487287e87a200c6d1be0.png, 百草味食品有限公司, 浙江杭州, SC10433010900789, null, 1, 1, 2103, 2026-04-24 16:25:18, 2026-07-09 14:40:34
<==        Row: 7, 3, 1, 旺旺 仙贝 540g 家庭装, <<BLOB>>, 18.80, 38.00, 60, 10, 2025-10-01, 300, 2026-07-28, 1, /uploads/2026/07/09/642205ec1468425b918d77d9c8a2068b.png, 旺旺集团, 湖南长沙, SC10543010100078, null, 1, 1, 1800, 2026-04-24 16:25:18, 2026-05-19 17:41:42
<==        Row: 53, 1, 1, 来伊份 芒果干 120g, <<BLOB>>, 8.90, 22.00, 35, 10, 2026-01-15, 180, 2026-07-14, 1, /uploads/2026/07/09/2cf4349e23b54377876e46e21279af6e.png, 来伊份股份有限公司, 上海, SC10431010400545, null, 1, 1, 1450, 2026-04-24 16:25:18, 2026-05-19 17:41:35
<==        Row: 2, 1, 1, 三只松鼠 碧根果 500g, <<BLOB>>, 19.90, 45.90, 150, 10, 2026-01-10, 270, 2026-10-07, 1, /uploads/2026/07/09/0dc7281d54524232a87b255067a371e9.png, 三只松鼠股份有限公司, 安徽芜湖, SC11934020200456, null, 1, 1, 1230, 2026-04-24 16:25:18, 2026-05-19 17:40:57
<==        Row: 8, 1, 1, 盐津铺子 鱼豆腐 440g, <<BLOB>>, 16.01, 32.00, 1250, 10, 2026-02-01, 180, 2026-07-31, 1, /uploads/2026/07/09/d92bbf9ce44a4dfa973c693b9433be28.png, 盐津铺子食品股份有限公司, 湖南浏阳, SC10343012200090, null, 1, 1, 980, 2026-04-24 16:25:18, 2026-04-24 16:25:18
<==      Total: 6
Closing non transactional SqlSession [org.apache.ibatis.session.defaults.DefaultSqlSession@3e46bcae]
Creating a new SqlSession
SqlSession [org.apache.ibatis.session.defaults.DefaultSqlSession@bb38727] was not registered for synchronization because synchronization is not active
JDBC Connection [HikariProxyConnection@709329528 wrapping com.mysql.cj.jdbc.ConnectionImpl@7f028b35] will not be managed by Spring
==>  Preparing: SELECT COUNT(*) AS total FROM product WHERE (status = ? AND audit_status = ? AND expiry_status <> ? AND category_id = ? AND expiry_status = ?)
==> Parameters: 1(Integer), 1(Integer), 2(Integer), 2(Long), 1(Integer)
<==    Columns: total
<==        Row: 1
<==      Total: 1
==>  Preparing: SELECT id,merchant_id,category_id,name,description,price,original_price,stock,stock_warning,production_date,shelf_life_days,expiry_date,expiry_status,images,manufacturer,origin,license_no,quality_report_imgs,status,audit_status,sales,create_time,update_time FROM product WHERE (status = ? AND audit_status = ? AND expiry_status <> ? AND category_id = ? AND expiry_status = ?) ORDER BY sales DESC LIMIT ?
==> Parameters: 1(Integer), 1(Integer), 2(Integer), 2(Long), 1(Integer), 20(Long)
<==    Columns: id, merchant_id, category_id, name, description, price, original_price, stock, stock_warning, production_date, shelf_life_days, expiry_date, expiry_status, images, manufacturer, origin, license_no, quality_report_imgs, status, audit_status, sales, create_time, update_time
<==        Row: 13, 5, 2, 星巴克 即饮咖啡 抹茶拿铁 270ml*6, <<BLOB>>, 38.00, 66.00, 45, 10, 2026-01-20, 180, 2026-07-19, 1, /uploads/2026/07/09/7cd2c1eb21de45fba8a2c4c1005a03ed.png, 星巴克咖啡公司, 美国, SC10611020400145, null, 1, 1, 1560, 2026-04-24 16:25:18, 2026-05-19 17:40:45
<==      Total: 1
Closing non transactional SqlSession [org.apache.ibatis.session.defaults.DefaultSqlSession@bb38727]
Creating a new SqlSession
SqlSession [org.apache.ibatis.session.defaults.DefaultSqlSession@3850c2d1] was not registered for synchronization because synchronization is not active
JDBC Connection [HikariProxyConnection@1727505188 wrapping com.mysql.cj.jdbc.ConnectionImpl@7f028b35] will not be managed by Spring
==>  Preparing: SELECT id,title,image_url,link_url,sort,status,create_time,update_time FROM banner WHERE (status = ?) ORDER BY sort ASC
==> Parameters: 1(Integer)
<==    Columns: id, title, image_url, link_url, sort, status, create_time, update_time
<==        Row: 4, 1232, /uploads/2026/05/15/96efcb0efdac491b985dcfb4210474ac.jpg, , 0, 1, 2026-05-15 15:32:24, 2026-05-15 15:32:24
<==        Row: 1, 临期特惠 低至1折, https://picsum.photos/1440/460?random=1, /products?expiryStatus=1, 1, 1, 2026-04-24 16:25:18, 2026-04-24 16:25:18
<==        Row: 2, 新品上架 品质严选, https://picsum.photos/1440/460?random=2, /products, 2, 1, 2026-04-24 16:25:18, 2026-04-24 16:25:18
<==        Row: 3, 热销排行 人气好货, https://picsum.photos/1440/460?random=3, /products?sortField=sales&sortOrder=desc, 3, 1, 2026-04-24 16:25:18, 2026-04-24 16:25:18
<==      Total: 4
Closing non transactional SqlSession [org.apache.ibatis.session.defaults.DefaultSqlSession@3850c2d1]
Creating a new SqlSession
SqlSession [org.apache.ibatis.session.defaults.DefaultSqlSession@233a3cbd] was not registered for synchronization because synchronization is not active
JDBC Connection [HikariProxyConnection@1753572435 wrapping com.mysql.cj.jdbc.ConnectionImpl@7f028b35] will not be managed by Spring
==>  Preparing: SELECT id,name,icon,sort,parent_id,status,create_time,update_time FROM category WHERE (status = ?) ORDER BY sort ASC,create_time DESC
==> Parameters: 1(Integer)
<==    Columns: id, name, icon, sort, parent_id, status, create_time, update_time
<==        Row: 1, 休闲零食, null, 1, 0, 1, 2026-04-24 15:43:42, 2026-04-24 15:43:42
<==        Row: 2, 饮料冲调, null, 2, 0, 1, 2026-04-24 15:43:42, 2026-04-24 15:43:42
<==        Row: 3, 粮油调味, null, 3, 0, 1, 2026-04-24 15:43:42, 2026-04-24 15:43:42
<==        Row: 4, 方便速食, null, 4, 0, 1, 2026-04-24 15:43:42, 2026-04-24 15:43:42
<==        Row: 5, 乳制品, null, 5, 0, 1, 2026-04-24 15:43:42, 2026-04-24 15:43:42
<==        Row: 6, 饼干糕点, null, 6, 0, 1, 2026-04-24 15:43:42, 2026-04-24 15:43:42
<==        Row: 7, 糖果巧克力, null, 7, 0, 1, 2026-04-24 15:43:42, 2026-04-24 15:43:42
<==        Row: 8, 进口食品, null, 8, 0, 1, 2026-04-24 15:43:42, 2026-04-24 15:43:42
<==      Total: 8
Closing non transactional SqlSession [org.apache.ibatis.session.defaults.DefaultSqlSession@233a3cbd]
Creating a new SqlSession
SqlSession [org.apache.ibatis.session.defaults.DefaultSqlSession@357ed847] was not registered for synchronization because synchronization is not active
JDBC Connection [HikariProxyConnection@2107186847 wrapping com.mysql.cj.jdbc.ConnectionImpl@7f028b35] will not be managed by Spring
==>  Preparing: SELECT COUNT(*) AS total FROM product WHERE (status = ? AND audit_status = ? AND expiry_status <> ? AND expiry_status = ?)
==> Parameters: 1(Integer), 1(Integer), 2(Integer), 1(Integer)
<==    Columns: total
<==        Row: 18
<==      Total: 1
==>  Preparing: SELECT id,merchant_id,category_id,name,description,price,original_price,stock,stock_warning,production_date,shelf_life_days,expiry_date,expiry_status,images,manufacturer,origin,license_no,quality_report_imgs,status,audit_status,sales,create_time,update_time FROM product WHERE (status = ? AND audit_status = ? AND expiry_status <> ? AND expiry_status = ?) ORDER BY expiry_date ASC LIMIT ?
==> Parameters: 1(Integer), 1(Integer), 2(Integer), 1(Integer), 10(Long)
<==    Columns: id, merchant_id, category_id, name, description, price, original_price, stock, stock_warning, production_date, shelf_life_days, expiry_date, expiry_status, images, manufacturer, origin, license_no, quality_report_imgs, status, audit_status, sales, create_time, update_time
<==        Row: 53, 1, 1, 来伊份 芒果干 120g, <<BLOB>>, 8.90, 22.00, 35, 10, 2026-01-15, 180, 2026-07-14, 1, /uploads/2026/07/09/2cf4349e23b54377876e46e21279af6e.png, 来伊份股份有限公司, 上海, SC10431010400545, null, 1, 1, 1450, 2026-04-24 16:25:18, 2026-05-19 17:41:35
<==        Row: 13, 5, 2, 星巴克 即饮咖啡 抹茶拿铁 270ml*6, <<BLOB>>, 38.00, 66.00, 45, 10, 2026-01-20, 180, 2026-07-19, 1, /uploads/2026/07/09/7cd2c1eb21de45fba8a2c4c1005a03ed.png, 星巴克咖啡公司, 美国, SC10611020400145, null, 1, 1, 1560, 2026-04-24 16:25:18, 2026-05-19 17:40:45
<==        Row: 54, 2, 5, 君乐宝 简醇 0添加蔗糖酸奶 250g*10, <<BLOB>>, 35.00, 59.90, 55, 10, 2026-03-25, 120, 2026-07-23, 1, /uploads/2026/07/09/756ee40572394d9988e42004389b6f1a.png, 石家庄君乐宝乳业有限公司, 河北石家庄, SC10513010100556, null, 1, 1, 3200, 2026-04-24 16:25:18, 2026-05-19 17:44:19
<==        Row: 7, 3, 1, 旺旺 仙贝 540g 家庭装, <<BLOB>>, 18.80, 38.00, 60, 10, 2025-10-01, 300, 2026-07-28, 1, /uploads/2026/07/09/642205ec1468425b918d77d9c8a2068b.png, 旺旺集团, 湖南长沙, SC10543010100078, null, 1, 1, 1800, 2026-04-24 16:25:18, 2026-05-19 17:41:42
<==        Row: 8, 1, 1, 盐津铺子 鱼豆腐 440g, <<BLOB>>, 16.01, 32.00, 1250, 10, 2026-02-01, 180, 2026-07-31, 1, /uploads/2026/07/09/d92bbf9ce44a4dfa973c693b9433be28.png, 盐津铺子食品股份有限公司, 湖南浏阳, SC10343012200090, null, 1, 1, 980, 2026-04-24 16:25:18, 2026-04-24 16:25:18
<==        Row: 24, 3, 4, 统一 老坛酸菜牛肉面 5连包, <<BLOB>>, 11.90, 20.00, 350, 10, 2026-02-15, 180, 2026-08-14, 1, /uploads/2026/07/09/973611b3e14c4aebbf5222ecb044cbe2.png, 统一企业(中国)投资有限公司, 北京, SC10111010400256, null, 1, 1, 12000, 2026-04-24 16:25:18, 2026-05-19 17:45:51
<==        Row: 32, 2, 5, 光明 莫斯利安 原味酸奶 200g*12, <<BLOB>>, 39.90, 65.00, 90, 10, 2026-03-20, 150, 2026-08-17, 1, /uploads/2026/07/09/490e7d6596f9493cac1d980d3fefb77e.png, 光明乳业股份有限公司, 上海, SC10531010400334, null, 1, 1, 6500, 2026-04-24 16:25:18, 2026-05-19 17:41:14
<==        Row: 3, 3, 1, 百草味 猪肉脯 200g, <<BLOB>>, 15.90, 35.90, 77, 10, 2026-02-20, 180, 2026-08-19, 1, /uploads/2026/07/09/04f030cbd2da487287e87a200c6d1be0.png, 百草味食品有限公司, 浙江杭州, SC10433010900789, null, 1, 1, 2103, 2026-04-24 16:25:18, 2026-07-09 14:40:34
<==        Row: 28, 3, 4, 阿宽 红油面皮 4连包, <<BLOB>>, 13.90, 24.00, 250, 10, 2026-02-28, 180, 2026-08-27, 1, /uploads/2026/07/09/fd7cefe317a34d229daa6f8493890bd0.png, 四川白家阿宽食品产业, 四川成都, SC10151010400290, null, 1, 1, 4300, 2026-04-24 16:25:18, 2026-05-19 17:40:57
<==        Row: 23, 3, 4, 康师傅 红烧牛肉面 5连包, <<BLOB>>, 11.50, 20.00, 400, 10, 2026-03-01, 180, 2026-08-28, 1, /uploads/2026/07/09/08d0fdb546d74ef18c9a8c6a81c2ef0b.png, 康师傅控股有限公司, 天津, SC10112010400245, null, 1, 1, 15000, 2026-04-24 16:25:18, 2026-05-19 17:44:12
<==      Total: 10
Closing non transactional SqlSession [org.apache.ibatis.session.defaults.DefaultSqlSession@357ed847]
Creating a new SqlSession
SqlSession [org.apache.ibatis.session.defaults.DefaultSqlSession@22c8277a] was not registered for synchronization because synchronization is not active
JDBC Connection [HikariProxyConnection@561978000 wrapping com.mysql.cj.jdbc.ConnectionImpl@7f028b35] will not be managed by Spring
==>  Preparing: SELECT COUNT(*) AS total FROM product WHERE (status = ? AND audit_status = ? AND expiry_status <> ?)
==> Parameters: 1(Integer), 1(Integer), 2(Integer)
<==    Columns: total
<==        Row: 53
<==      Total: 1
==>  Preparing: SELECT id,merchant_id,category_id,name,description,price,original_price,stock,stock_warning,production_date,shelf_life_days,expiry_date,expiry_status,images,manufacturer,origin,license_no,quality_report_imgs,status,audit_status,sales,create_time,update_time FROM product WHERE (status = ? AND audit_status = ? AND expiry_status <> ?) ORDER BY create_time DESC LIMIT ?
==> Parameters: 1(Integer), 1(Integer), 2(Integer), 10(Long)
<==    Columns: id, merchant_id, category_id, name, description, price, original_price, stock, stock_warning, production_date, shelf_life_days, expiry_date, expiry_status, images, manufacturer, origin, license_no, quality_report_imgs, status, audit_status, sales, create_time, update_time
<==        Row: 2, 1, 1, 三只松鼠 碧根果 500g, <<BLOB>>, 19.90, 45.90, 150, 10, 2026-01-10, 270, 2026-10-07, 1, /uploads/2026/07/09/0dc7281d54524232a87b255067a371e9.png, 三只松鼠股份有限公司, 安徽芜湖, SC11934020200456, null, 1, 1, 1230, 2026-04-24 16:25:18, 2026-05-19 17:40:57
<==        Row: 3, 3, 1, 百草味 猪肉脯 200g, <<BLOB>>, 15.90, 35.90, 77, 10, 2026-02-20, 180, 2026-08-19, 1, /uploads/2026/07/09/04f030cbd2da487287e87a200c6d1be0.png, 百草味食品有限公司, 浙江杭州, SC10433010900789, null, 1, 1, 2103, 2026-04-24 16:25:18, 2026-07-09 14:40:34
<==        Row: 4, 3, 1, 卫龙 大面筋 106g*10包, <<BLOB>>, 12.80, 25.00, 500, 10, 2026-03-01, 240, 2026-10-27, 0, /uploads/2026/07/09/ce49295547704ec79f7569a98a3f0b4b.png, 卫龙美味全球控股, 河南漯河, SC10341110400012, null, 1, 1, 5680, 2026-04-24 16:25:18, 2026-05-19 17:45:51
<==        Row: 5, 1, 1, 洽洽 瓜子 308g 焦糖味, <<BLOB>>, 9.90, 18.90, 300, 10, 2026-01-05, 270, 2026-10-02, 1, /uploads/2026/07/09/8f7b9a5750c34821bf9a2d7155c7bba0.png, 洽洽食品股份有限公司, 安徽合肥, SC11834010100034, null, 1, 1, 3200, 2026-04-24 16:25:18, 2026-05-19 17:41:42
<==        Row: 6, 5, 1, 乐事 薯片 大波浪 原味 135g, <<BLOB>>, 7.50, 12.80, 399, 10, 2026-03-15, 180, 2026-09-11, 0, /uploads/2026/07/09/e0f4bc24f4bd49a18629dd20bf7ea3ea.png, 百事食品(中国)有限公司, 北京, SC10511010400056, null, 1, 1, 4501, 2026-04-24 16:25:18, 2026-05-19 17:41:42
<==        Row: 7, 3, 1, 旺旺 仙贝 540g 家庭装, <<BLOB>>, 18.80, 38.00, 60, 10, 2025-10-01, 300, 2026-07-28, 1, /uploads/2026/07/09/642205ec1468425b918d77d9c8a2068b.png, 旺旺集团, 湖南长沙, SC10543010100078, null, 1, 1, 1800, 2026-04-24 16:25:18, 2026-05-19 17:41:42
<==        Row: 8, 1, 1, 盐津铺子 鱼豆腐 440g, <<BLOB>>, 16.01, 32.00, 1250, 10, 2026-02-01, 180, 2026-07-31, 1, /uploads/2026/07/09/d92bbf9ce44a4dfa973c693b9433be28.png, 盐津铺子食品股份有限公司, 湖南浏阳, SC10343012200090, null, 1, 1, 980, 2026-04-24 16:25:18, 2026-04-24 16:25:18
<==        Row: 9, 2, 2, 农夫山泉 东方树叶 茉莉花茶 500ml*15, <<BLOB>>, 45.00, 75.00, 300, 10, 2026-02-10, 365, 2027-02-10, 0, /uploads/2026/07/09/113f1d41772546bbbd5d574a8f1b88a3.png, 农夫山泉股份有限公司, 浙江杭州, SC10633010900100, null, 1, 1, 6700, 2026-04-24 16:25:18, 2026-05-19 17:41:42
<==        Row: 10, 2, 2, 元气森林 白桃气泡水 480ml*12, <<BLOB>>, 49.90, 72.00, 200, 10, 2026-03-01, 270, 2026-11-26, 0, /uploads/2026/07/09/a81826bb791b4c0194ed5e3b0d726d9e.png, 元气森林(北京)食品科技集团, 北京, SC10611010400112, null, 1, 1, 8900, 2026-04-24 16:25:18, 2026-05-19 17:44:12
<==        Row: 11, 2, 2, 三得利 乌龙茶 500ml*18, <<BLOB>>, 55.00, 90.00, 97, 10, 2026-01-15, 365, 2027-01-15, 0, /uploads/2026/07/09/98e3ba80e5cf4951a33eb1a60aa3ed16.png, 三得利(中国)投资有限公司, 上海, SC10631010400123, null, 1, 1, 4203, 2026-04-24 16:25:18, 2026-07-09 15:42:19
<==      Total: 10
Closing non transactional SqlSession [org.apache.ibatis.session.defaults.DefaultSqlSession@22c8277a]
Creating a new SqlSession
SqlSession [org.apache.ibatis.session.defaults.DefaultSqlSession@24c24324] was not registered for synchronization because synchronization is not active
JDBC Connection [HikariProxyConnection@179820802 wrapping com.mysql.cj.jdbc.ConnectionImpl@7f028b35] will not be managed by Spring
==>  Preparing: SELECT COUNT(*) AS total FROM product WHERE (status = ? AND audit_status = ? AND expiry_status <> ?)
==> Parameters: 1(Integer), 1(Integer), 2(Integer)
<==    Columns: total
<==        Row: 53
<==      Total: 1
==>  Preparing: SELECT id,merchant_id,category_id,name,description,price,original_price,stock,stock_warning,production_date,shelf_life_days,expiry_date,expiry_status,images,manufacturer,origin,license_no,quality_report_imgs,status,audit_status,sales,create_time,update_time FROM product WHERE (status = ? AND audit_status = ? AND expiry_status <> ?) ORDER BY sales DESC LIMIT ?
==> Parameters: 1(Integer), 1(Integer), 2(Integer), 10(Long)
<==    Columns: id, merchant_id, category_id, name, description, price, original_price, stock, stock_warning, production_date, shelf_life_days, expiry_date, expiry_status, images, manufacturer, origin, license_no, quality_report_imgs, status, audit_status, sales, create_time, update_time
<==        Row: 23, 3, 4, 康师傅 红烧牛肉面 5连包, <<BLOB>>, 11.50, 20.00, 400, 10, 2026-03-01, 180, 2026-08-28, 1, /uploads/2026/07/09/08d0fdb546d74ef18c9a8c6a81c2ef0b.png, 康师傅控股有限公司, 天津, SC10112010400245, null, 1, 1, 15000, 2026-04-24 16:25:18, 2026-05-19 17:44:12
<==        Row: 14, 2, 2, 康师傅 冰红茶 500ml*15, <<BLOB>>, 28.00, 45.00, 350, 10, 2026-03-10, 365, 2027-03-10, 0, /uploads/2026/07/09/9b324b9799bd48e0b312db0d2e150555.png, 康师傅控股有限公司, 天津, SC10612010400156, null, 1, 1, 12000, 2026-04-24 16:25:18, 2026-06-30 14:21:33
<==        Row: 24, 3, 4, 统一 老坛酸菜牛肉面 5连包, <<BLOB>>, 11.90, 20.00, 350, 10, 2026-02-15, 180, 2026-08-14, 1, /uploads/2026/07/09/973611b3e14c4aebbf5222ecb044cbe2.png, 统一企业(中国)投资有限公司, 北京, SC10111010400256, null, 1, 1, 12000, 2026-04-24 16:25:18, 2026-05-19 17:45:51
<==        Row: 31, 2, 5, 伊利 安慕希 原味酸奶 205g*12, <<BLOB>>, 45.00, 69.90, 120, 10, 2026-04-01, 150, 2026-08-29, 0, /uploads/2026/07/09/8a0708c4c69a46e0b0e50395837ae1a7.png, 内蒙古伊利实业集团, 内蒙古呼和浩特, SC10515010100323, null, 1, 1, 11000, 2026-04-24 16:25:18, 2026-05-19 17:41:14
<==        Row: 30, 2, 5, 蒙牛 特仑苏 纯牛奶 250ml*12, <<BLOB>>, 49.90, 79.90, 150, 10, 2026-03-15, 180, 2026-09-11, 1, /uploads/2026/05/19/product_30_51425b361ef54d068c104e7cf8ebc87e.jpg, 蒙牛乳业(集团)股份有限公司, 内蒙古呼和浩特, SC10515010100312, null, 1, 1, 9200, 2026-04-24 16:25:18, 2026-05-19 17:40:57
<==        Row: 10, 2, 2, 元气森林 白桃气泡水 480ml*12, <<BLOB>>, 49.90, 72.00, 200, 10, 2026-03-01, 270, 2026-11-26, 0, /uploads/2026/07/09/a81826bb791b4c0194ed5e3b0d726d9e.png, 元气森林(北京)食品科技集团, 北京, SC10611010400112, null, 1, 1, 8900, 2026-04-24 16:25:18, 2026-05-19 17:44:12
<==        Row: 55, 3, 4, 白象 大骨面 香辣牛骨味 5连包, <<BLOB>>, 9.90, 18.00, 280, 10, 2026-03-05, 180, 2026-09-01, 1, /uploads/2026/07/09/cc2736ae87d6493bb1c0d3f494412ef2.png, 白象食品集团, 河南郑州, SC10141010400567, null, 1, 1, 8900, 2026-04-24 16:25:18, 2026-05-19 17:41:35
<==        Row: 35, 1, 6, 奥利奥 夹心饼干 原味 388g, <<BLOB>>, 12.90, 22.00, 300, 10, 2026-02-10, 365, 2027-02-10, 0, /uploads/2026/07/09/d60e75c55d51445e8bd9b938961e7300.png, 亿滋食品(中国)有限公司, 北京, SC10411010400367, null, 1, 1, 8900, 2026-04-24 16:25:18, 2026-05-19 17:41:14
<==        Row: 34, 2, 5, 认养一头牛 全脂纯牛奶 250ml*12, <<BLOB>>, 39.00, 59.90, 200, 10, 2026-03-01, 180, 2026-08-28, 1, /uploads/2026/07/09/5ac5ac2bb87049a49fc0364defcbb65c.png, 认养一头牛控股集团, 河北张家口, SC10513010100356, null, 1, 1, 7800, 2026-04-24 16:25:18, 2026-05-19 17:41:14
<==        Row: 27, 1, 4, 螺霸王 螺蛳粉 330g*3, <<BLOB>>, 25.80, 42.00, 200, 10, 2026-03-10, 180, 2026-09-06, 1, /uploads/2026/07/09/f2ae866cf9f34e719c92018c513a99cd.png, 柳州市螺霸王食品, 广西柳州, SC10145020100289, null, 1, 1, 7800, 2026-04-24 16:25:18, 2026-04-24 16:25:18
<==      Total: 10
Closing non transactional SqlSession [org.apache.ibatis.session.defaults.DefaultSqlSession@24c24324]
Creating a new SqlSession
SqlSession [org.apache.ibatis.session.defaults.DefaultSqlSession@63f0773] was not registered for synchronization because synchronization is not active
JDBC Connection [HikariProxyConnection@1241125573 wrapping com.mysql.cj.jdbc.ConnectionImpl@7f028b35] will not be managed by Spring
==>  Preparing: SELECT COUNT( * ) AS total FROM chat_message WHERE (receiver_id = ? AND receiver_type = ? AND is_read = ?)
==> Parameters: 62(Long), 1(Integer), 0(Integer)
<==    Columns: total
<==        Row: 0
<==      Total: 1
Closing non transactional SqlSession [org.apache.ibatis.session.defaults.DefaultSqlSession@63f0773]
Creating a new SqlSession
SqlSession [org.apache.ibatis.session.defaults.DefaultSqlSession@2f48ae94] was not registered for synchronization because synchronization is not active
JDBC Connection [HikariProxyConnection@1250624751 wrapping com.mysql.cj.jdbc.ConnectionImpl@692e6409] will not be managed by Spring
==>  Preparing: SELECT id,name,icon,sort,parent_id,status,create_time,update_time FROM category WHERE (status = ?) ORDER BY sort ASC,create_time DESC
==> Parameters: 1(Integer)
<==    Columns: id, name, icon, sort, parent_id, status, create_time, update_time
<==        Row: 1, 休闲零食, null, 1, 0, 1, 2026-04-24 15:43:42, 2026-04-24 15:43:42
<==        Row: 2, 饮料冲调, null, 2, 0, 1, 2026-04-24 15:43:42, 2026-04-24 15:43:42
<==        Row: 3, 粮油调味, null, 3, 0, 1, 2026-04-24 15:43:42, 2026-04-24 15:43:42
<==        Row: 4, 方便速食, null, 4, 0, 1, 2026-04-24 15:43:42, 2026-04-24 15:43:42
<==        Row: 5, 乳制品, null, 5, 0, 1, 2026-04-24 15:43:42, 2026-04-24 15:43:42
<==        Row: 6, 饼干糕点, null, 6, 0, 1, 2026-04-24 15:43:42, 2026-04-24 15:43:42
<==        Row: 7, 糖果巧克力, null, 7, 0, 1, 2026-04-24 15:43:42, 2026-04-24 15:43:42
<==        Row: 8, 进口食品, null, 8, 0, 1, 2026-04-24 15:43:42, 2026-04-24 15:43:42
<==      Total: 8
Closing non transactional SqlSession [org.apache.ibatis.session.defaults.DefaultSqlSession@2f48ae94]
Creating a new SqlSession
SqlSession [org.apache.ibatis.session.defaults.DefaultSqlSession@3d2c1659] was not registered for synchronization because synchronization is not active
JDBC Connection [HikariProxyConnection@756791708 wrapping com.mysql.cj.jdbc.ConnectionImpl@7f028b35] will not be managed by Spring
==>  Preparing: SELECT COUNT(*) AS total FROM product WHERE (status = ? AND audit_status = ? AND expiry_status <> ? AND category_id = ?)
==> Parameters: 1(Integer), 1(Integer), 2(Integer), 1(Long)
<==    Columns: total
<==        Row: 8
<==      Total: 1
==>  Preparing: SELECT id,merchant_id,category_id,name,description,price,original_price,stock,stock_warning,production_date,shelf_life_days,expiry_date,expiry_status,images,manufacturer,origin,license_no,quality_report_imgs,status,audit_status,sales,create_time,update_time FROM product WHERE (status = ? AND audit_status = ? AND expiry_status <> ? AND category_id = ?) ORDER BY create_time DESC LIMIT ?
==> Parameters: 1(Integer), 1(Integer), 2(Integer), 1(Long), 20(Long)
<==    Columns: id, merchant_id, category_id, name, description, price, original_price, stock, stock_warning, production_date, shelf_life_days, expiry_date, expiry_status, images, manufacturer, origin, license_no, quality_report_imgs, status, audit_status, sales, create_time, update_time
<==        Row: 2, 1, 1, 三只松鼠 碧根果 500g, <<BLOB>>, 19.90, 45.90, 150, 10, 2026-01-10, 270, 2026-10-07, 1, /uploads/2026/07/09/0dc7281d54524232a87b255067a371e9.png, 三只松鼠股份有限公司, 安徽芜湖, SC11934020200456, null, 1, 1, 1230, 2026-04-24 16:25:18, 2026-05-19 17:40:57
<==        Row: 3, 3, 1, 百草味 猪肉脯 200g, <<BLOB>>, 15.90, 35.90, 77, 10, 2026-02-20, 180, 2026-08-19, 1, /uploads/2026/07/09/04f030cbd2da487287e87a200c6d1be0.png, 百草味食品有限公司, 浙江杭州, SC10433010900789, null, 1, 1, 2103, 2026-04-24 16:25:18, 2026-07-09 14:40:34
<==        Row: 4, 3, 1, 卫龙 大面筋 106g*10包, <<BLOB>>, 12.80, 25.00, 500, 10, 2026-03-01, 240, 2026-10-27, 0, /uploads/2026/07/09/ce49295547704ec79f7569a98a3f0b4b.png, 卫龙美味全球控股, 河南漯河, SC10341110400012, null, 1, 1, 5680, 2026-04-24 16:25:18, 2026-05-19 17:45:51
<==        Row: 5, 1, 1, 洽洽 瓜子 308g 焦糖味, <<BLOB>>, 9.90, 18.90, 300, 10, 2026-01-05, 270, 2026-10-02, 1, /uploads/2026/07/09/8f7b9a5750c34821bf9a2d7155c7bba0.png, 洽洽食品股份有限公司, 安徽合肥, SC11834010100034, null, 1, 1, 3200, 2026-04-24 16:25:18, 2026-05-19 17:41:42
<==        Row: 6, 5, 1, 乐事 薯片 大波浪 原味 135g, <<BLOB>>, 7.50, 12.80, 399, 10, 2026-03-15, 180, 2026-09-11, 0, /uploads/2026/07/09/e0f4bc24f4bd49a18629dd20bf7ea3ea.png, 百事食品(中国)有限公司, 北京, SC10511010400056, null, 1, 1, 4501, 2026-04-24 16:25:18, 2026-05-19 17:41:42
<==        Row: 7, 3, 1, 旺旺 仙贝 540g 家庭装, <<BLOB>>, 18.80, 38.00, 60, 10, 2025-10-01, 300, 2026-07-28, 1, /uploads/2026/07/09/642205ec1468425b918d77d9c8a2068b.png, 旺旺集团, 湖南长沙, SC10543010100078, null, 1, 1, 1800, 2026-04-24 16:25:18, 2026-05-19 17:41:42
<==        Row: 8, 1, 1, 盐津铺子 鱼豆腐 440g, <<BLOB>>, 16.01, 32.00, 1250, 10, 2026-02-01, 180, 2026-07-31, 1, /uploads/2026/07/09/d92bbf9ce44a4dfa973c693b9433be28.png, 盐津铺子食品股份有限公司, 湖南浏阳, SC10343012200090, null, 1, 1, 980, 2026-04-24 16:25:18, 2026-04-24 16:25:18
<==        Row: 53, 1, 1, 来伊份 芒果干 120g, <<BLOB>>, 8.90, 22.00, 35, 10, 2026-01-15, 180, 2026-07-14, 1, /uploads/2026/07/09/2cf4349e23b54377876e46e21279af6e.png, 来伊份股份有限公司, 上海, SC10431010400545, null, 1, 1, 1450, 2026-04-24 16:25:18, 2026-05-19 17:41:35
<==      Total: 8
Closing non transactional SqlSession [org.apache.ibatis.session.defaults.DefaultSqlSession@3d2c1659]
Creating a new SqlSession
SqlSession [org.apache.ibatis.session.defaults.DefaultSqlSession@35cd390f] was not registered for synchronization because synchronization is not active
JDBC Connection [HikariProxyConnection@1094231886 wrapping com.mysql.cj.jdbc.ConnectionImpl@7f028b35] will not be managed by Spring
==>  Preparing: SELECT id,username,password,nickname,phone,email,avatar,status,create_time,update_time FROM user WHERE id=?
==> Parameters: 62(Long)
<==    Columns: id, username, password, nickname, phone, email, avatar, status, create_time, update_time
<==        Row: 62, cxl, dd4b21e9ef71e1291183a46b913ae6f2, cxl, 15691450197, null, null, 1, 2026-07-09 14:24:55, 2026-07-09 14:24:55
<==      Total: 1
Closing non transactional SqlSession [org.apache.ibatis.session.defaults.DefaultSqlSession@35cd390f]
Creating a new SqlSession
SqlSession [org.apache.ibatis.session.defaults.DefaultSqlSession@2ec4b435] was not registered for synchronization because synchronization is not active
JDBC Connection [HikariProxyConnection@80360710 wrapping com.mysql.cj.jdbc.ConnectionImpl@7f028b35] will not be managed by Spring
==>  Preparing: SELECT id,user_id,receiver_name,phone,province,city,district,detail,is_default,create_time,update_time FROM address WHERE (user_id = ?) ORDER BY is_default DESC,create_time DESC
==> Parameters: 62(Long)
<==    Columns: id, user_id, receiver_name, phone, province, city, district, detail, is_default, create_time, update_time
<==        Row: 15, 62, 曹晓玲, 15691450197, 陕西省, 西安市, 长安区, 西安财经大学, 0, 2026-07-09 14:40:21, 2026-07-09 14:40:21
<==      Total: 1
Closing non transactional SqlSession [org.apache.ibatis.session.defaults.DefaultSqlSession@2ec4b435]
Creating a new SqlSession
SqlSession [org.apache.ibatis.session.defaults.DefaultSqlSession@6f27f65d] was not registered for synchronization because synchronization is not active
JDBC Connection [HikariProxyConnection@1722636880 wrapping com.mysql.cj.jdbc.ConnectionImpl@7f028b35] will not be managed by Spring
==>  Preparing: SELECT COUNT(*) AS total FROM favorite WHERE (user_id = ?)
==> Parameters: 62(Long)
<==    Columns: total
<==        Row: 1
<==      Total: 1
==>  Preparing: SELECT id,user_id,product_id,create_time FROM favorite WHERE (user_id = ?) ORDER BY create_time DESC LIMIT ?
==> Parameters: 62(Long), 10(Long)
<==    Columns: id, user_id, product_id, create_time
<==        Row: 41, 62, 11, 2026-07-09 15:41:33
<==      Total: 1
Closing non transactional SqlSession [org.apache.ibatis.session.defaults.DefaultSqlSession@6f27f65d]
Creating a new SqlSession
SqlSession [org.apache.ibatis.session.defaults.DefaultSqlSession@67f95bf0] was not registered for synchronization because synchronization is not active
JDBC Connection [HikariProxyConnection@860974865 wrapping com.mysql.cj.jdbc.ConnectionImpl@7f028b35] will not be managed by Spring
==>  Preparing: SELECT COUNT(*) AS total FROM browse_history WHERE (user_id = ?)
==> Parameters: 62(Long)
<==    Columns: total
<==        Row: 8
<==      Total: 1
==>  Preparing: SELECT id,user_id,product_id,create_time FROM browse_history WHERE (user_id = ?) ORDER BY create_time DESC LIMIT ?
==> Parameters: 62(Long), 10(Long)
<==    Columns: id, user_id, product_id, create_time
<==        Row: 126, 62, 19, 2026-07-10 09:49:14
<==        Row: 125, 62, 56, 2026-07-09 15:50:04
<==        Row: 124, 62, 11, 2026-07-09 15:44:39
<==        Row: 121, 62, 10, 2026-07-09 15:41:04
<==        Row: 119, 62, 1, 2026-07-09 15:35:08
<==        Row: 117, 62, 3, 2026-07-09 14:40:30
<==        Row: 115, 62, 38, 2026-07-09 14:25:36
<==        Row: 114, 62, 2, 2026-07-09 14:25:22
<==      Total: 8
Closing non transactional SqlSession [org.apache.ibatis.session.defaults.DefaultSqlSession@67f95bf0]
Creating a new SqlSession
SqlSession [org.apache.ibatis.session.defaults.DefaultSqlSession@4f07fd08] was not registered for synchronization because synchronization is not active
JDBC Connection [HikariProxyConnection@1338149319 wrapping com.mysql.cj.jdbc.ConnectionImpl@7f028b35] will not be managed by Spring
==>  Preparing: SELECT id,merchant_id,category_id,name,description,price,original_price,stock,stock_warning,production_date,shelf_life_days,expiry_date,expiry_status,images,manufacturer,origin,license_no,quality_report_imgs,status,audit_status,sales,create_time,update_time FROM product WHERE id=?
==> Parameters: 11(Long)
<==    Columns: id, merchant_id, category_id, name, description, price, original_price, stock, stock_warning, production_date, shelf_life_days, expiry_date, expiry_status, images, manufacturer, origin, license_no, quality_report_imgs, status, audit_status, sales, create_time, update_time
<==        Row: 11, 2, 2, 三得利 乌龙茶 500ml*18, <<BLOB>>, 55.00, 90.00, 97, 10, 2026-01-15, 365, 2027-01-15, 0, /uploads/2026/07/09/98e3ba80e5cf4951a33eb1a60aa3ed16.png, 三得利(中国)投资有限公司, 上海, SC10631010400123, null, 1, 1, 4203, 2026-04-24 16:25:18, 2026-07-09 15:42:19
<==      Total: 1
Closing non transactional SqlSession [org.apache.ibatis.session.defaults.DefaultSqlSession@4f07fd08]
Creating a new SqlSession
SqlSession [org.apache.ibatis.session.defaults.DefaultSqlSession@3b3e3506] was not registered for synchronization because synchronization is not active
JDBC Connection [HikariProxyConnection@1657541483 wrapping com.mysql.cj.jdbc.ConnectionImpl@7f028b35] will not be managed by Spring
==>  Preparing: SELECT id,merchant_id,category_id,name,description,price,original_price,stock,stock_warning,production_date,shelf_life_days,expiry_date,expiry_status,images,manufacturer,origin,license_no,quality_report_imgs,status,audit_status,sales,create_time,update_time FROM product WHERE id=?
==> Parameters: 19(Long)
<==    Columns: id, merchant_id, category_id, name, description, price, original_price, stock, stock_warning, production_date, shelf_life_days, expiry_date, expiry_status, images, manufacturer, origin, license_no, quality_report_imgs, status, audit_status, sales, create_time, update_time
<==        Row: 19, 4, 3, 恒顺 镇江香醋 580ml, <<BLOB>>, 8.90, 16.00, 250, 10, 2025-08-01, 1095, 2028-07-31, 0, /uploads/2026/07/09/39b12dfd79f9426493ce500e01666ba9.png, 江苏恒顺醋业股份有限公司, 江苏镇江, SC10332110400201, null, 1, 1, 3800, 2026-04-24 16:25:18, 2026-05-19 17:54:24
<==      Total: 1
Closing non transactional SqlSession [org.apache.ibatis.session.defaults.DefaultSqlSession@3b3e3506]
Creating a new SqlSession
SqlSession [org.apache.ibatis.session.defaults.DefaultSqlSession@69a85410] was not registered for synchronization because synchronization is not active
JDBC Connection [HikariProxyConnection@1566830574 wrapping com.mysql.cj.jdbc.ConnectionImpl@7f028b35] will not be managed by Spring
==>  Preparing: SELECT id,merchant_id,category_id,name,description,price,original_price,stock,stock_warning,production_date,shelf_life_days,expiry_date,expiry_status,images,manufacturer,origin,license_no,quality_report_imgs,status,audit_status,sales,create_time,update_time FROM product WHERE id=?
==> Parameters: 56(Long)
<==    Columns: id, merchant_id, category_id, name, description, price, original_price, stock, stock_warning, production_date, shelf_life_days, expiry_date, expiry_status, images, manufacturer, origin, license_no, quality_report_imgs, status, audit_status, sales, create_time, update_time
<==        Row: 56, 1, 6, 桃李 醇熟切片吐司 400g, <<BLOB>>, 8.50, 14.90, 40, 10, 2026-04-15, 30, 2026-05-15, 2, /uploads/2026/07/09/fd1e0f1a20eb4790a37e472dd266d7a8.png, 桃李面包股份有限公司, 辽宁沈阳, SC10421010100578, null, 1, 1, 980, 2026-04-24 16:25:18, 2026-05-19 17:44:19
<==      Total: 1
Closing non transactional SqlSession [org.apache.ibatis.session.defaults.DefaultSqlSession@69a85410]
Creating a new SqlSession
SqlSession [org.apache.ibatis.session.defaults.DefaultSqlSession@76252bff] was not registered for synchronization because synchronization is not active
JDBC Connection [HikariProxyConnection@140492503 wrapping com.mysql.cj.jdbc.ConnectionImpl@7f028b35] will not be managed by Spring
==>  Preparing: SELECT id,merchant_id,category_id,name,description,price,original_price,stock,stock_warning,production_date,shelf_life_days,expiry_date,expiry_status,images,manufacturer,origin,license_no,quality_report_imgs,status,audit_status,sales,create_time,update_time FROM product WHERE id=?
==> Parameters: 10(Long)
<==    Columns: id, merchant_id, category_id, name, description, price, original_price, stock, stock_warning, production_date, shelf_life_days, expiry_date, expiry_status, images, manufacturer, origin, license_no, quality_report_imgs, status, audit_status, sales, create_time, update_time
<==        Row: 10, 2, 2, 元气森林 白桃气泡水 480ml*12, <<BLOB>>, 49.90, 72.00, 200, 10, 2026-03-01, 270, 2026-11-26, 0, /uploads/2026/07/09/a81826bb791b4c0194ed5e3b0d726d9e.png, 元气森林(北京)食品科技集团, 北京, SC10611010400112, null, 1, 1, 8900, 2026-04-24 16:25:18, 2026-05-19 17:44:12
<==      Total: 1
Closing non transactional SqlSession [org.apache.ibatis.session.defaults.DefaultSqlSession@76252bff]
Creating a new SqlSession
SqlSession [org.apache.ibatis.session.defaults.DefaultSqlSession@ffd221a] was not registered for synchronization because synchronization is not active
JDBC Connection [HikariProxyConnection@1697317247 wrapping com.mysql.cj.jdbc.ConnectionImpl@692e6409] will not be managed by Spring
==>  Preparing: SELECT id,merchant_id,category_id,name,description,price,original_price,stock,stock_warning,production_date,shelf_life_days,expiry_date,expiry_status,images,manufacturer,origin,license_no,quality_report_imgs,status,audit_status,sales,create_time,update_time FROM product WHERE id=?
==> Parameters: 1(Long)
<==    Columns: id, merchant_id, category_id, name, description, price, original_price, stock, stock_warning, production_date, shelf_life_days, expiry_date, expiry_status, images, manufacturer, origin, license_no, quality_report_imgs, status, audit_status, sales, create_time, update_time
<==        Row: 1, 1, 1, 良品铺子 综合果仁 750g, <<BLOB>>, 39.90, 89.90, 196, 10, 2025-11-15, 200, 2026-06-03, 2, /uploads/2026/07/09/fb1c87c053d94a91ae57cb6d0ed67adc.png, 良品铺子股份有限公司, 湖北武汉, SC11942010600123, null, 1, 1, 860, 2026-04-24 16:25:18, 2026-07-08 11:28:05
<==      Total: 1
Closing non transactional SqlSession [org.apache.ibatis.session.defaults.DefaultSqlSession@ffd221a]
Creating a new SqlSession
SqlSession [org.apache.ibatis.session.defaults.DefaultSqlSession@5495bb47] was not registered for synchronization because synchronization is not active
JDBC Connection [HikariProxyConnection@607268624 wrapping com.mysql.cj.jdbc.ConnectionImpl@7f028b35] will not be managed by Spring
==>  Preparing: SELECT id,merchant_id,category_id,name,description,price,original_price,stock,stock_warning,production_date,shelf_life_days,expiry_date,expiry_status,images,manufacturer,origin,license_no,quality_report_imgs,status,audit_status,sales,create_time,update_time FROM product WHERE id=?
==> Parameters: 3(Long)
<==    Columns: id, merchant_id, category_id, name, description, price, original_price, stock, stock_warning, production_date, shelf_life_days, expiry_date, expiry_status, images, manufacturer, origin, license_no, quality_report_imgs, status, audit_status, sales, create_time, update_time
<==        Row: 3, 3, 1, 百草味 猪肉脯 200g, <<BLOB>>, 15.90, 35.90, 77, 10, 2026-02-20, 180, 2026-08-19, 1, /uploads/2026/07/09/04f030cbd2da487287e87a200c6d1be0.png, 百草味食品有限公司, 浙江杭州, SC10433010900789, null, 1, 1, 2103, 2026-04-24 16:25:18, 2026-07-09 14:40:34
<==      Total: 1
Closing non transactional SqlSession [org.apache.ibatis.session.defaults.DefaultSqlSession@5495bb47]
Creating a new SqlSession
SqlSession [org.apache.ibatis.session.defaults.DefaultSqlSession@6bfe5aa1] was not registered for synchronization because synchronization is not active
JDBC Connection [HikariProxyConnection@925303696 wrapping com.mysql.cj.jdbc.ConnectionImpl@7f028b35] will not be managed by Spring
==>  Preparing: SELECT id,merchant_id,category_id,name,description,price,original_price,stock,stock_warning,production_date,shelf_life_days,expiry_date,expiry_status,images,manufacturer,origin,license_no,quality_report_imgs,status,audit_status,sales,create_time,update_time FROM product WHERE id=?
==> Parameters: 38(Long)
<==    Columns: id, merchant_id, category_id, name, description, price, original_price, stock, stock_warning, production_date, shelf_life_days, expiry_date, expiry_status, images, manufacturer, origin, license_no, quality_report_imgs, status, audit_status, sales, create_time, update_time
<==        Row: 38, 1, 6, 稻香村 糕点礼盒 1500g, <<BLOB>>, 68.00, 128.00, 40, 10, 2026-01-01, 180, 2026-06-30, 2, /uploads/2026/07/09/5a97ae97e28e417595b0288f55d20f8b.png, 北京稻香村食品有限公司, 北京, SC10411010400390, null, 1, 1, 1200, 2026-04-24 16:25:18, 2026-05-19 17:41:24
<==      Total: 1
Closing non transactional SqlSession [org.apache.ibatis.session.defaults.DefaultSqlSession@6bfe5aa1]
Creating a new SqlSession
SqlSession [org.apache.ibatis.session.defaults.DefaultSqlSession@2e630eae] was not registered for synchronization because synchronization is not active
JDBC Connection [HikariProxyConnection@621634123 wrapping com.mysql.cj.jdbc.ConnectionImpl@7f028b35] will not be managed by Spring
==>  Preparing: SELECT id,merchant_id,category_id,name,description,price,original_price,stock,stock_warning,production_date,shelf_life_days,expiry_date,expiry_status,images,manufacturer,origin,license_no,quality_report_imgs,status,audit_status,sales,create_time,update_time FROM product WHERE id=?
==> Parameters: 2(Long)
<==    Columns: id, merchant_id, category_id, name, description, price, original_price, stock, stock_warning, production_date, shelf_life_days, expiry_date, expiry_status, images, manufacturer, origin, license_no, quality_report_imgs, status, audit_status, sales, create_time, update_time
<==        Row: 2, 1, 1, 三只松鼠 碧根果 500g, <<BLOB>>, 19.90, 45.90, 150, 10, 2026-01-10, 270, 2026-10-07, 1, /uploads/2026/07/09/0dc7281d54524232a87b255067a371e9.png, 三只松鼠股份有限公司, 安徽芜湖, SC11934020200456, null, 1, 1, 1230, 2026-04-24 16:25:18, 2026-05-19 17:40:57
<==      Total: 1
Closing non transactional SqlSession [org.apache.ibatis.session.defaults.DefaultSqlSession@2e630eae]
Creating a new SqlSession
SqlSession [org.apache.ibatis.session.defaults.DefaultSqlSession@48807236] was not registered for synchronization because synchronization is not active
JDBC Connection [HikariProxyConnection@1148440236 wrapping com.mysql.cj.jdbc.ConnectionImpl@7f028b35] will not be managed by Spring
==>  Preparing: SELECT COUNT( * ) AS total FROM chat_message WHERE (receiver_id = ? AND receiver_type = ? AND is_read = ?)
==> Parameters: 62(Long), 1(Integer), 0(Integer)
<==    Columns: total
<==        Row: 0
<==      Total: 1
Closing non transactional SqlSession [org.apache.ibatis.session.defaults.DefaultSqlSession@48807236]
Creating a new SqlSession
SqlSession [org.apache.ibatis.session.defaults.DefaultSqlSession@18a6ace9] was not registered for synchronization because synchronization is not active
JDBC Connection [HikariProxyConnection@1748630856 wrapping com.mysql.cj.jdbc.ConnectionImpl@7f028b35] will not be managed by Spring
==>  Preparing: SELECT id,user_id,receiver_name,phone,province,city,district,detail,is_default,create_time,update_time FROM address WHERE (user_id = ?) ORDER BY is_default DESC,create_time DESC
Creating a new SqlSession
SqlSession [org.apache.ibatis.session.defaults.DefaultSqlSession@3e97aeae] was not registered for synchronization because synchronization is not active
==> Parameters: 62(Long)
JDBC Connection [HikariProxyConnection@1315502654 wrapping com.mysql.cj.jdbc.ConnectionImpl@692e6409] will not be managed by Spring
==>  Preparing: SELECT id,user_id,product_id,quantity,create_time,update_time FROM cart WHERE (user_id = ?) ORDER BY create_time DESC
==> Parameters: 62(Long)
<==    Columns: id, user_id, receiver_name, phone, province, city, district, detail, is_default, create_time, update_time
<==        Row: 15, 62, 曹晓玲, 15691450197, 陕西省, 西安市, 长安区, 西安财经大学, 0, 2026-07-09 14:40:21, 2026-07-09 14:40:21
<==      Total: 1
Closing non transactional SqlSession [org.apache.ibatis.session.defaults.DefaultSqlSession@18a6ace9]
<==    Columns: id, user_id, product_id, quantity, create_time, update_time
<==        Row: 29, 62, 11, 1, 2026-07-09 15:42:07, 2026-07-09 15:42:07
<==        Row: 28, 62, 2, 1, 2026-07-09 14:25:23, 2026-07-09 14:25:23
<==        Row: 27, 62, 56, 2, 2026-07-09 14:25:07, 2026-07-09 14:25:07
<==      Total: 3
Closing non transactional SqlSession [org.apache.ibatis.session.defaults.DefaultSqlSession@3e97aeae]
Creating a new SqlSession
SqlSession [org.apache.ibatis.session.defaults.DefaultSqlSession@7b5db575] was not registered for synchronization because synchronization is not active
JDBC Connection [HikariProxyConnection@1537997420 wrapping com.mysql.cj.jdbc.ConnectionImpl@692e6409] will not be managed by Spring
==>  Preparing: SELECT id,merchant_id,category_id,name,description,price,original_price,stock,stock_warning,production_date,shelf_life_days,expiry_date,expiry_status,images,manufacturer,origin,license_no,quality_report_imgs,status,audit_status,sales,create_time,update_time FROM product WHERE id IN ( ? , ? , ? )
==> Parameters: 2(Long), 56(Long), 11(Long)
<==    Columns: id, merchant_id, category_id, name, description, price, original_price, stock, stock_warning, production_date, shelf_life_days, expiry_date, expiry_status, images, manufacturer, origin, license_no, quality_report_imgs, status, audit_status, sales, create_time, update_time
<==        Row: 2, 1, 1, 三只松鼠 碧根果 500g, <<BLOB>>, 19.90, 45.90, 150, 10, 2026-01-10, 270, 2026-10-07, 1, /uploads/2026/07/09/0dc7281d54524232a87b255067a371e9.png, 三只松鼠股份有限公司, 安徽芜湖, SC11934020200456, null, 1, 1, 1230, 2026-04-24 16:25:18, 2026-05-19 17:40:57
<==        Row: 11, 2, 2, 三得利 乌龙茶 500ml*18, <<BLOB>>, 55.00, 90.00, 97, 10, 2026-01-15, 365, 2027-01-15, 0, /uploads/2026/07/09/98e3ba80e5cf4951a33eb1a60aa3ed16.png, 三得利(中国)投资有限公司, 上海, SC10631010400123, null, 1, 1, 4203, 2026-04-24 16:25:18, 2026-07-09 15:42:19
<==        Row: 56, 1, 6, 桃李 醇熟切片吐司 400g, <<BLOB>>, 8.50, 14.90, 40, 10, 2026-04-15, 30, 2026-05-15, 2, /uploads/2026/07/09/fd1e0f1a20eb4790a37e472dd266d7a8.png, 桃李面包股份有限公司, 辽宁沈阳, SC10421010100578, null, 1, 1, 980, 2026-04-24 16:25:18, 2026-05-19 17:44:19
<==      Total: 3
Closing non transactional SqlSession [org.apache.ibatis.session.defaults.DefaultSqlSession@7b5db575]
Creating a new SqlSession
SqlSession [org.apache.ibatis.session.defaults.DefaultSqlSession@6cf37fea] was not registered for synchronization because synchronization is not active
JDBC Connection [HikariProxyConnection@640676215 wrapping com.mysql.cj.jdbc.ConnectionImpl@7f028b35] will not be managed by Spring
==>  Preparing: SELECT COUNT( * ) AS total FROM chat_message WHERE (receiver_id = ? AND receiver_type = ? AND is_read = ?)
==> Parameters: 62(Long), 1(Integer), 0(Integer)
<==    Columns: total
<==        Row: 0
<==      Total: 1
Closing non transactional SqlSession [org.apache.ibatis.session.defaults.DefaultSqlSession@6cf37fea]
Creating a new SqlSession
SqlSession [org.apache.ibatis.session.defaults.DefaultSqlSession@6ab55913] was not registered for synchronization because synchronization is not active
JDBC Connection [HikariProxyConnection@1100384385 wrapping com.mysql.cj.jdbc.ConnectionImpl@7f028b35] will not be managed by Spring
==>  Preparing: SELECT COUNT( * ) AS total FROM chat_message WHERE (receiver_id = ? AND receiver_type = ? AND is_read = ?)
==> Parameters: 62(Long), 1(Integer), 0(Integer)
<==    Columns: total
<==        Row: 0
<==      Total: 1
Closing non transactional SqlSession [org.apache.ibatis.session.defaults.DefaultSqlSession@6ab55913]
Creating a new SqlSession
SqlSession [org.apache.ibatis.session.defaults.DefaultSqlSession@4efc0d87] was not registered for synchronization because synchronization is not active
JDBC Connection [HikariProxyConnection@299482484 wrapping com.mysql.cj.jdbc.ConnectionImpl@7f028b35] will not be managed by Spring
==>  Preparing: SELECT COUNT( * ) AS total FROM chat_message WHERE (receiver_id = ? AND receiver_type = ? AND is_read = ?)
==> Parameters: 62(Long), 1(Integer), 0(Integer)
<==    Columns: total
<==        Row: 0
<==      Total: 1
Closing non transactional SqlSession [org.apache.ibatis.session.defaults.DefaultSqlSession@4efc0d87]
Creating a new SqlSession
SqlSession [org.apache.ibatis.session.defaults.DefaultSqlSession@19d8a413] was not registered for synchronization because synchronization is not active
JDBC Connection [HikariProxyConnection@2136189120 wrapping com.mysql.cj.jdbc.ConnectionImpl@692e6409] will not be managed by Spring
==>  Preparing: SELECT COUNT( * ) AS total FROM chat_message WHERE (receiver_id = ? AND receiver_type = ? AND is_read = ?)
==> Parameters: 62(Long), 1(Integer), 0(Integer)
<==    Columns: total
<==        Row: 0
<==      Total: 1
Closing non transactional SqlSession [org.apache.ibatis.session.defaults.DefaultSqlSession@19d8a413]
Creating a new SqlSession
SqlSession [org.apache.ibatis.session.defaults.DefaultSqlSession@63a56290] was not registered for synchronization because synchronization is not active
JDBC Connection [HikariProxyConnection@350113057 wrapping com.mysql.cj.jdbc.ConnectionImpl@7f028b35] will not be managed by Spring
==>  Preparing: SELECT COUNT( * ) AS total FROM chat_message WHERE (receiver_id = ? AND receiver_type = ? AND is_read = ?)
==> Parameters: 62(Long), 1(Integer), 0(Integer)
<==    Columns: total
<==        Row: 0
<==      Total: 1
Closing non transactional SqlSession [org.apache.ibatis.session.defaults.DefaultSqlSession@63a56290]
Creating a new SqlSession
SqlSession [org.apache.ibatis.session.defaults.DefaultSqlSession@70e95c52] was not registered for synchronization because synchronization is not active
JDBC Connection [HikariProxyConnection@810872477 wrapping com.mysql.cj.jdbc.ConnectionImpl@7f028b35] will not be managed by Spring
==>  Preparing: SELECT COUNT( * ) AS total FROM chat_message WHERE (receiver_id = ? AND receiver_type = ? AND is_read = ?)
==> Parameters: 62(Long), 1(Integer), 0(Integer)
<==    Columns: total
<==        Row: 0
<==      Total: 1
Closing non transactional SqlSession [org.apache.ibatis.session.defaults.DefaultSqlSession@70e95c52]
Creating a new SqlSession
SqlSession [org.apache.ibatis.session.defaults.DefaultSqlSession@3acd4185] was not registered for synchronization because synchronization is not active
JDBC Connection [HikariProxyConnection@1205292553 wrapping com.mysql.cj.jdbc.ConnectionImpl@7f028b35] will not be managed by Spring
==>  Preparing: SELECT COUNT( * ) AS total FROM chat_message WHERE (receiver_id = ? AND receiver_type = ? AND is_read = ?)
==> Parameters: 62(Long), 1(Integer), 0(Integer)
<==    Columns: total
<==        Row: 0
<==      Total: 1
Closing non transactional SqlSession [org.apache.ibatis.session.defaults.DefaultSqlSession@3acd4185]
Creating a new SqlSession
SqlSession [org.apache.ibatis.session.defaults.DefaultSqlSession@1be81c39] was not registered for synchronization because synchronization is not active
JDBC Connection [HikariProxyConnection@1196215147 wrapping com.mysql.cj.jdbc.ConnectionImpl@692e6409] will not be managed by Spring
==>  Preparing: SELECT COUNT( * ) AS total FROM chat_message WHERE (receiver_id = ? AND receiver_type = ? AND is_read = ?)
==> Parameters: 62(Long), 1(Integer), 0(Integer)
<==    Columns: total
<==        Row: 0
<==      Total: 1
Closing non transactional SqlSession [org.apache.ibatis.session.defaults.DefaultSqlSession@1be81c39]
Creating a new SqlSession
SqlSession [org.apache.ibatis.session.defaults.DefaultSqlSession@5b6ad99c] was not registered for synchronization because synchronization is not active
JDBC Connection [HikariProxyConnection@1113107202 wrapping com.mysql.cj.jdbc.ConnectionImpl@7f028b35] will not be managed by Spring
==>  Preparing: SELECT COUNT( * ) AS total FROM chat_message WHERE (receiver_id = ? AND receiver_type = ? AND is_read = ?)
==> Parameters: 62(Long), 1(Integer), 0(Integer)
<==    Columns: total
<==        Row: 0
<==      Total: 1
Closing non transactional SqlSession [org.apache.ibatis.session.defaults.DefaultSqlSession@5b6ad99c]
Creating a new SqlSession
SqlSession [org.apache.ibatis.session.defaults.DefaultSqlSession@6265fddb] was not registered for synchronization because synchronization is not active
JDBC Connection [HikariProxyConnection@1334428826 wrapping com.mysql.cj.jdbc.ConnectionImpl@7f028b35] will not be managed by Spring
==>  Preparing: SELECT COUNT( * ) AS total FROM chat_message WHERE (receiver_id = ? AND receiver_type = ? AND is_read = ?)
==> Parameters: 62(Long), 1(Integer), 0(Integer)
<==    Columns: total
<==        Row: 0
<==      Total: 1
Closing non transactional SqlSession [org.apache.ibatis.session.defaults.DefaultSqlSession@6265fddb]
Creating a new SqlSession
SqlSession [org.apache.ibatis.session.defaults.DefaultSqlSession@510e4aa6] was not registered for synchronization because synchronization is not active
JDBC Connection [HikariProxyConnection@674798659 wrapping com.mysql.cj.jdbc.ConnectionImpl@7f028b35] will not be managed by Spring
==>  Preparing: SELECT COUNT( * ) AS total FROM chat_message WHERE (receiver_id = ? AND receiver_type = ? AND is_read = ?)
==> Parameters: 62(Long), 1(Integer), 0(Integer)
<==    Columns: total
<==        Row: 0
<==      Total: 1
Closing non transactional SqlSession [org.apache.ibatis.session.defaults.DefaultSqlSession@510e4aa6]
Creating a new SqlSession
SqlSession [org.apache.ibatis.session.defaults.DefaultSqlSession@3b8b37fb] was not registered for synchronization because synchronization is not active
JDBC Connection [HikariProxyConnection@220940378 wrapping com.mysql.cj.jdbc.ConnectionImpl@7f028b35] will not be managed by Spring
==>  Preparing: SELECT COUNT( * ) AS total FROM chat_message WHERE (receiver_id = ? AND receiver_type = ? AND is_read = ?)
==> Parameters: 62(Long), 1(Integer), 0(Integer)
<==    Columns: total
<==        Row: 0
<==      Total: 1
Closing non transactional SqlSession [org.apache.ibatis.session.defaults.DefaultSqlSession@3b8b37fb]
Creating a new SqlSession
SqlSession [org.apache.ibatis.session.defaults.DefaultSqlSession@2dde92d8] was not registered for synchronization because synchronization is not active
JDBC Connection [HikariProxyConnection@1711559831 wrapping com.mysql.cj.jdbc.ConnectionImpl@7f028b35] will not be managed by Spring
==>  Preparing: SELECT COUNT( * ) AS total FROM chat_message WHERE (receiver_id = ? AND receiver_type = ? AND is_read = ?)
==> Parameters: 62(Long), 1(Integer), 0(Integer)
<==    Columns: total
<==        Row: 0
<==      Total: 1
Closing non transactional SqlSession [org.apache.ibatis.session.defaults.DefaultSqlSession@2dde92d8]
Creating a new SqlSession
SqlSession [org.apache.ibatis.session.defaults.DefaultSqlSession@2ac1ced6] was not registered for synchronization because synchronization is not active
JDBC Connection [HikariProxyConnection@358819154 wrapping com.mysql.cj.jdbc.ConnectionImpl@692e6409] will not be managed by Spring
==>  Preparing: SELECT COUNT( * ) AS total FROM chat_message WHERE (receiver_id = ? AND receiver_type = ? AND is_read = ?)
==> Parameters: 62(Long), 1(Integer), 0(Integer)
<==    Columns: total
<==        Row: 0
<==      Total: 1
Closing non transactional SqlSession [org.apache.ibatis.session.defaults.DefaultSqlSession@2ac1ced6]
Creating a new SqlSession
SqlSession [org.apache.ibatis.session.defaults.DefaultSqlSession@3e66e4cb] was not registered for synchronization because synchronization is not active
JDBC Connection [HikariProxyConnection@1990176885 wrapping com.mysql.cj.jdbc.ConnectionImpl@7f028b35] will not be managed by Spring
==>  Preparing: SELECT COUNT( * ) AS total FROM chat_message WHERE (receiver_id = ? AND receiver_type = ? AND is_read = ?)
==> Parameters: 62(Long), 1(Integer), 0(Integer)
<==    Columns: total
<==        Row: 0
<==      Total: 1
Closing non transactional SqlSession [org.apache.ibatis.session.defaults.DefaultSqlSession@3e66e4cb]
Creating a new SqlSession
SqlSession [org.apache.ibatis.session.defaults.DefaultSqlSession@6e6e7e9] was not registered for synchronization because synchronization is not active
JDBC Connection [HikariProxyConnection@1020735659 wrapping com.mysql.cj.jdbc.ConnectionImpl@7f028b35] will not be managed by Spring
==>  Preparing: SELECT COUNT( * ) AS total FROM chat_message WHERE (receiver_id = ? AND receiver_type = ? AND is_read = ?)
==> Parameters: 62(Long), 1(Integer), 0(Integer)
<==    Columns: total
<==        Row: 0
<==      Total: 1
Closing non transactional SqlSession [org.apache.ibatis.session.defaults.DefaultSqlSession@6e6e7e9]
Creating a new SqlSession
Creating a new SqlSession
Creating a new SqlSession
SqlSession [org.apache.ibatis.session.defaults.DefaultSqlSession@70f78ca2] was not registered for synchronization because synchronization is not active
SqlSession [org.apache.ibatis.session.defaults.DefaultSqlSession@60e63917] was not registered for synchronization because synchronization is not active
SqlSession [org.apache.ibatis.session.defaults.DefaultSqlSession@14b14fef] was not registered for synchronization because synchronization is not active
JDBC Connection [HikariProxyConnection@813141479 wrapping com.mysql.cj.jdbc.ConnectionImpl@692e6409] will not be managed by Spring
JDBC Connection [HikariProxyConnection@2103184665 wrapping com.mysql.cj.jdbc.ConnectionImpl@7f028b35] will not be managed by Spring
==>  Preparing: SELECT COUNT( * ) AS total FROM chat_message WHERE (receiver_id = ? AND receiver_type = ? AND is_read = ?)
==>  Preparing: SELECT id,user_id,receiver_name,phone,province,city,district,detail,is_default,create_time,update_time FROM address WHERE (user_id = ?) ORDER BY is_default DESC,create_time DESC
JDBC Connection [HikariProxyConnection@1331925140 wrapping com.mysql.cj.jdbc.ConnectionImpl@6ed50d80] will not be managed by Spring
==>  Preparing: SELECT id,user_id,product_id,quantity,create_time,update_time FROM cart WHERE (user_id = ?) ORDER BY create_time DESC
==> Parameters: 62(Long)
==> Parameters: 62(Long)
==> Parameters: 62(Long), 1(Integer), 0(Integer)
<==    Columns: total
<==        Row: 0
<==    Columns: id, user_id, receiver_name, phone, province, city, district, detail, is_default, create_time, update_time
<==      Total: 1
<==        Row: 15, 62, 曹晓玲, 15691450197, 陕西省, 西安市, 长安区, 西安财经大学, 0, 2026-07-09 14:40:21, 2026-07-09 14:40:21
<==    Columns: id, user_id, product_id, quantity, create_time, update_time
Closing non transactional SqlSession [org.apache.ibatis.session.defaults.DefaultSqlSession@60e63917]
<==        Row: 29, 62, 11, 1, 2026-07-09 15:42:07, 2026-07-09 15:42:07
<==        Row: 28, 62, 2, 1, 2026-07-09 14:25:23, 2026-07-09 14:25:23
<==        Row: 27, 62, 56, 2, 2026-07-09 14:25:07, 2026-07-09 14:25:07
<==      Total: 3
<==      Total: 1
Closing non transactional SqlSession [org.apache.ibatis.session.defaults.DefaultSqlSession@14b14fef]
Closing non transactional SqlSession [org.apache.ibatis.session.defaults.DefaultSqlSession@70f78ca2]
Creating a new SqlSession
SqlSession [org.apache.ibatis.session.defaults.DefaultSqlSession@eb7894a] was not registered for synchronization because synchronization is not active
JDBC Connection [HikariProxyConnection@1568886584 wrapping com.mysql.cj.jdbc.ConnectionImpl@6ed50d80] will not be managed by Spring
==>  Preparing: SELECT id,merchant_id,category_id,name,description,price,original_price,stock,stock_warning,production_date,shelf_life_days,expiry_date,expiry_status,images,manufacturer,origin,license_no,quality_report_imgs,status,audit_status,sales,create_time,update_time FROM product WHERE id IN ( ? , ? , ? )
==> Parameters: 2(Long), 56(Long), 11(Long)
<==    Columns: id, merchant_id, category_id, name, description, price, original_price, stock, stock_warning, production_date, shelf_life_days, expiry_date, expiry_status, images, manufacturer, origin, license_no, quality_report_imgs, status, audit_status, sales, create_time, update_time
<==        Row: 2, 1, 1, 三只松鼠 碧根果 500g, <<BLOB>>, 19.90, 45.90, 150, 10, 2026-01-10, 270, 2026-10-07, 1, /uploads/2026/07/09/0dc7281d54524232a87b255067a371e9.png, 三只松鼠股份有限公司, 安徽芜湖, SC11934020200456, null, 1, 1, 1230, 2026-04-24 16:25:18, 2026-05-19 17:40:57
<==        Row: 11, 2, 2, 三得利 乌龙茶 500ml*18, <<BLOB>>, 55.00, 90.00, 97, 10, 2026-01-15, 365, 2027-01-15, 0, /uploads/2026/07/09/98e3ba80e5cf4951a33eb1a60aa3ed16.png, 三得利(中国)投资有限公司, 上海, SC10631010400123, null, 1, 1, 4203, 2026-04-24 16:25:18, 2026-07-09 15:42:19
<==        Row: 56, 1, 6, 桃李 醇熟切片吐司 400g, <<BLOB>>, 8.50, 14.90, 40, 10, 2026-04-15, 30, 2026-05-15, 2, /uploads/2026/07/09/fd1e0f1a20eb4790a37e472dd266d7a8.png, 桃李面包股份有限公司, 辽宁沈阳, SC10421010100578, null, 1, 1, 980, 2026-04-24 16:25:18, 2026-05-19 17:44:19
<==      Total: 3
Closing non transactional SqlSession [org.apache.ibatis.session.defaults.DefaultSqlSession@eb7894a]
Creating a new SqlSession
SqlSession [org.apache.ibatis.session.defaults.DefaultSqlSession@2d3f3cbd] was not registered for synchronization because synchronization is not active
JDBC Connection [HikariProxyConnection@1618581476 wrapping com.mysql.cj.jdbc.ConnectionImpl@7f028b35] will not be managed by Spring
==>  Preparing: SELECT COUNT( * ) AS total FROM chat_message WHERE (receiver_id = ? AND receiver_type = ? AND is_read = ?)
==> Parameters: 62(Long), 1(Integer), 0(Integer)
<==    Columns: total
<==        Row: 0
<==      Total: 1
Closing non transactional SqlSession [org.apache.ibatis.session.defaults.DefaultSqlSession@2d3f3cbd]
Creating a new SqlSession
SqlSession [org.apache.ibatis.session.defaults.DefaultSqlSession@7d76422f] was not registered for synchronization because synchronization is not active
JDBC Connection [HikariProxyConnection@1586396253 wrapping com.mysql.cj.jdbc.ConnectionImpl@7f028b35] will not be managed by Spring
==>  Preparing: SELECT COUNT( * ) AS total FROM chat_message WHERE (receiver_id = ? AND receiver_type = ? AND is_read = ?)
==> Parameters: 62(Long), 1(Integer), 0(Integer)
<==    Columns: total
<==        Row: 0
<==      Total: 1
Closing non transactional SqlSession [org.apache.ibatis.session.defaults.DefaultSqlSession@7d76422f]
Creating a new SqlSession
SqlSession [org.apache.ibatis.session.defaults.DefaultSqlSession@636f9841] was not registered for synchronization because synchronization is not active
JDBC Connection [HikariProxyConnection@28925752 wrapping com.mysql.cj.jdbc.ConnectionImpl@7f028b35] will not be managed by Spring
==>  Preparing: SELECT COUNT( * ) AS total FROM chat_message WHERE (receiver_id = ? AND receiver_type = ? AND is_read = ?)
==> Parameters: 62(Long), 1(Integer), 0(Integer)
<==    Columns: total
<==        Row: 0
<==      Total: 1
Closing non transactional SqlSession [org.apache.ibatis.session.defaults.DefaultSqlSession@636f9841]
Creating a new SqlSession
SqlSession [org.apache.ibatis.session.defaults.DefaultSqlSession@5e6ef673] was not registered for synchronization because synchronization is not active
JDBC Connection [HikariProxyConnection@125826868 wrapping com.mysql.cj.jdbc.ConnectionImpl@7f028b35] will not be managed by Spring
==>  Preparing: SELECT COUNT( * ) AS total FROM chat_message WHERE (receiver_id = ? AND receiver_type = ? AND is_read = ?)
==> Parameters: 62(Long), 1(Integer), 0(Integer)
<==    Columns: total
<==        Row: 0
<==      Total: 1
Closing non transactional SqlSession [org.apache.ibatis.session.defaults.DefaultSqlSession@5e6ef673]
Creating a new SqlSession
SqlSession [org.apache.ibatis.session.defaults.DefaultSqlSession@741e464d] was not registered for synchronization because synchronization is not active
JDBC Connection [HikariProxyConnection@1351450982 wrapping com.mysql.cj.jdbc.ConnectionImpl@692e6409] will not be managed by Spring
==>  Preparing: SELECT COUNT( * ) AS total FROM chat_message WHERE (receiver_id = ? AND receiver_type = ? AND is_read = ?)
==> Parameters: 62(Long), 1(Integer), 0(Integer)
<==    Columns: total
<==        Row: 0
<==      Total: 1
Closing non transactional SqlSession [org.apache.ibatis.session.defaults.DefaultSqlSession@741e464d]
Creating a new SqlSession
SqlSession [org.apache.ibatis.session.defaults.DefaultSqlSession@40a96bdd] was not registered for synchronization because synchronization is not active
JDBC Connection [HikariProxyConnection@1239457727 wrapping com.mysql.cj.jdbc.ConnectionImpl@7f028b35] will not be managed by Spring
==>  Preparing: SELECT COUNT( * ) AS total FROM chat_message WHERE (receiver_id = ? AND receiver_type = ? AND is_read = ?)
==> Parameters: 62(Long), 1(Integer), 0(Integer)
<==    Columns: total
<==        Row: 0
<==      Total: 1
Closing non transactional SqlSession [org.apache.ibatis.session.defaults.DefaultSqlSession@40a96bdd]
Creating a new SqlSession
SqlSession [org.apache.ibatis.session.defaults.DefaultSqlSession@731f295a] was not registered for synchronization because synchronization is not active
JDBC Connection [HikariProxyConnection@1115115903 wrapping com.mysql.cj.jdbc.ConnectionImpl@7f028b35] will not be managed by Spring
==>  Preparing: SELECT COUNT( * ) AS total FROM chat_message WHERE (receiver_id = ? AND receiver_type = ? AND is_read = ?)
==> Parameters: 62(Long), 1(Integer), 0(Integer)
<==    Columns: total
<==        Row: 0
<==      Total: 1
Closing non transactional SqlSession [org.apache.ibatis.session.defaults.DefaultSqlSession@731f295a]
Creating a new SqlSession
SqlSession [org.apache.ibatis.session.defaults.DefaultSqlSession@5740dbc1] was not registered for synchronization because synchronization is not active
JDBC Connection [HikariProxyConnection@463396631 wrapping com.mysql.cj.jdbc.ConnectionImpl@7f028b35] will not be managed by Spring
==>  Preparing: SELECT COUNT( * ) AS total FROM chat_message WHERE (receiver_id = ? AND receiver_type = ? AND is_read = ?)
==> Parameters: 62(Long), 1(Integer), 0(Integer)
<==    Columns: total
<==        Row: 0
<==      Total: 1
Closing non transactional SqlSession [org.apache.ibatis.session.defaults.DefaultSqlSession@5740dbc1]
Creating a new SqlSession
SqlSession [org.apache.ibatis.session.defaults.DefaultSqlSession@1347be48] was not registered for synchronization because synchronization is not active
JDBC Connection [HikariProxyConnection@1119359926 wrapping com.mysql.cj.jdbc.ConnectionImpl@692e6409] will not be managed by Spring
==>  Preparing: SELECT COUNT( * ) AS total FROM chat_message WHERE (receiver_id = ? AND receiver_type = ? AND is_read = ?)
==> Parameters: 62(Long), 1(Integer), 0(Integer)
<==    Columns: total
<==        Row: 0
<==      Total: 1
Closing non transactional SqlSession [org.apache.ibatis.session.defaults.DefaultSqlSession@1347be48]
Creating a new SqlSession
SqlSession [org.apache.ibatis.session.defaults.DefaultSqlSession@30a492f6] was not registered for synchronization because synchronization is not active
JDBC Connection [HikariProxyConnection@40607857 wrapping com.mysql.cj.jdbc.ConnectionImpl@6ed50d80] will not be managed by Spring
==>  Preparing: SELECT COUNT( * ) AS total FROM chat_message WHERE (receiver_id = ? AND receiver_type = ? AND is_read = ?)
==> Parameters: 62(Long), 1(Integer), 0(Integer)
<==    Columns: total
<==        Row: 0
<==      Total: 1
Closing non transactional SqlSession [org.apache.ibatis.session.defaults.DefaultSqlSession@30a492f6]
Creating a new SqlSession
SqlSession [org.apache.ibatis.session.defaults.DefaultSqlSession@64b11c92] was not registered for synchronization because synchronization is not active
JDBC Connection [HikariProxyConnection@817827437 wrapping com.mysql.cj.jdbc.ConnectionImpl@7f028b35] will not be managed by Spring
==>  Preparing: SELECT COUNT( * ) AS total FROM chat_message WHERE (receiver_id = ? AND receiver_type = ? AND is_read = ?)
==> Parameters: 62(Long), 1(Integer), 0(Integer)
<==    Columns: total
<==        Row: 0
<==      Total: 1
Closing non transactional SqlSession [org.apache.ibatis.session.defaults.DefaultSqlSession@64b11c92]
Creating a new SqlSession
SqlSession [org.apache.ibatis.session.defaults.DefaultSqlSession@14bebb43] was not registered for synchronization because synchronization is not active
JDBC Connection [HikariProxyConnection@1536619713 wrapping com.mysql.cj.jdbc.ConnectionImpl@7f028b35] will not be managed by Spring
==>  Preparing: SELECT COUNT( * ) AS total FROM chat_message WHERE (receiver_id = ? AND receiver_type = ? AND is_read = ?)
==> Parameters: 62(Long), 1(Integer), 0(Integer)
<==    Columns: total
<==        Row: 0
<==      Total: 1
Closing non transactional SqlSession [org.apache.ibatis.session.defaults.DefaultSqlSession@14bebb43]
